epoch,deepsupervision_categorical_accuracy,deepsupervision_iou_0,deepsupervision_iou_1,deepsupervision_loss,deepsupervision_precision_0,deepsupervision_precision_1,deepsupervision_recall_0,deepsupervision_recall_1,loss,lr,output_categorical_accuracy,output_iou_0,output_iou_1,output_loss,output_precision_0,output_precision_1,output_recall_0,output_recall_1,val_deepsupervision_categorical_accuracy,val_deepsupervision_iou_0,val_deepsupervision_iou_1,val_deepsupervision_loss,val_deepsupervision_precision_0,val_deepsupervision_precision_1,val_deepsupervision_recall_0,val_deepsupervision_recall_1,val_loss,val_output_categorical_accuracy,val_output_iou_0,val_output_iou_1,val_output_loss,val_output_precision_0,val_output_precision_1,val_output_recall_0,val_output_recall_1
0,0.9350477457046509,0.8710166215896606,0.355651319026947,0.07070554792881012,0.9751525521278381,0.7627531290054321,0.9471378922462463,0.8639779090881348,0.1820756494998932,0.0004996398,0.9309208393096924,0.8675259351730347,0.38754671812057495,0.11136994510889053,0.9743595719337463,0.7475475668907166,0.9428023099899292,0.8610210418701172,0.9713842868804932,0.9578040838241577,0.6541889905929565,0.023350141942501068,0.981686532497406,0.9021250009536743,0.9853865504264832,0.8799127340316772,0.047977469861507416,0.9700929522514343,0.9544534087181091,0.6936900019645691,0.024627309292554855,0.9698101878166199,0.9724084138870239,0.9965367913246155,0.7973439693450928
1,0.9707387685775757,0.9169870018959045,0.5685460567474365,0.023337246850132942,0.9808452129364014,0.9221348762512207,0.9848832488059998,0.886074423789978,0.04618092253804207,0.0005,0.970934271812439,0.920940637588501,0.610630989074707,0.022843660786747932,0.981089174747467,0.9221543073654175,0.98485267162323,0.8874849677085876,0.9727925658226013,0.9589329957962036,0.7068790197372437,0.019200457260012627,0.9737216234207153,0.9655265808105469,0.9954937696456909,0.8244931101799011,0.034224849194288254,0.9768069386482239,0.965000331401825,0.7301267385482788,0.015024382621049881,0.981192946434021,0.9455227851867676,0.9922761917114258,0.8757513761520386
2,0.9735040664672852,0.9302536249160767,0.6448349952697754,0.019881684333086014,0.9828224182128906,0.9284537434577942,0.9862259030342102,0.8937378525733948,0.039078906178474426,0.0005,0.9740428924560547,0.9340818524360657,0.669353723526001,0.019197219982743263,0.9831693172454834,0.9301222562789917,0.9865034222602844,0.8957132697105408,0.9752311110496521,0.9620753526687622,0.7265225052833557,0.019589882344007492,0.975769579410553,0.9710710644721985,0.9961766600608826,0.8383994102478027,0.03708833083510399,0.9754285216331482,0.9630216956138611,0.7262794971466064,0.017498457804322243,0.9755878448486328,0.9741911292076111,0.9966052770614624,0.8370872139930725
3,0.9752042889595032,0.935110330581665,0.6894581317901611,0.018494801595807076,0.9839877486228943,0.9335798025131226,0.9869856238365173,0.9017844796180725,0.036345068365335464,0.0005,0.9752107262611389,0.9398514628410339,0.7035777568817139,0.01785026304423809,0.9840046167373657,0.9335496425628662,0.9869714379310608,0.9019164443016052,0.9765307307243347,0.9603775143623352,0.7240231037139893,0.016821658238768578,0.9903875589370728,0.8911864757537842,0.9824737310409546,0.937706470489502,0.03316594287753105,0.9760101437568665,0.96012943983078,0.7385562658309937,0.016344280913472176,0.9895464181900024,0.8919801712036133,0.9827195405960083,0.9321808815002441
4,0.9765183925628662,0.9378752112388611,0.7134234309196472,0.01699698716402054,0.9849187731742859,0.9388628005981445,0.987394392490387,0.9100912809371948,0.033565521240234375,0.0005,0.9764727354049683,0.9407281875610352,0.7273441553115845,0.016568543389439583,0.9849827289581299,0.9382720589637756,0.987240195274353,0.9106152057647705,0.9779403805732727,0.9672181606292725,0.7319651246070862,0.01669149473309517,0.9824740290641785,0.9459455609321594,0.9922642111778259,0.8843675255775452,0.03288144990801811,0.978125810623169,0.9670836925506592,0.734495222568512,0.0161899346858263,0.9839086532592773,0.9381994009017944,0.9909842610359192,0.8941243290901184
5,0.9782570004463196,0.9413166046142578,0.7339550256729126,0.015880610793828964,0.9860253930091858,0.9429622292518616,0.9884614944458008,0.9139662981033325,0.031132780015468597,0.0005,0.9785342216491699,0.9447199106216431,0.7431104183197021,0.015252156183123589,0.9863467812538147,0.9430819153785706,0.9884196519851685,0.9159635901451111,0.9678899049758911,0.9515051245689392,0.7161203622817993,0.024121861904859543,0.9670883417129517,0.9746516942977905,0.9969012141227722,0.7783698439598083,0.0425042025744915,0.973389744758606,0.9600258469581604,0.7386418581008911,0.018382372334599495,0.9744793772697449,0.9649344086647034,0.9953845739364624,0.8297049403190613
6,0.9787505269050598,0.9455592632293701,0.7331804037094116,0.015253983438014984,0.9864438772201538,0.942184567451477,0.9887621998786926,0.9131314158439636,0.029927602037787437,0.0005,0.978993833065033,0.9471467137336731,0.7405167818069458,0.014673642814159393,0.9867430925369263,0.9421968460083008,0.9887216091156006,0.9149733781814575,0.9743021726608276,0.9622458219528198,0.670066237449646,0.018094502389431,0.9766553044319153,0.9565860033035278,0.9941311478614807,0.8447674512863159,0.03751771152019501,0.9724200367927551,0.9602945446968079,0.7123592495918274,0.01942320354282856,0.9728236198425293,0.9692234396934509,0.9960227608680725,0.8182312846183777
7,0.9785948395729065,0.9481236934661865,0.7340920567512512,0.015170134603977203,0.986305832862854,0.9421423673629761,0.9887332916259766,0.9118784666061401,0.029914941638708115,0.0005,0.9786730408668518,0.9492211937904358,0.7468318939208984,0.014744820073246956,0.9864934086799622,0.9416604042053223,0.988605260848999,0.9131107926368713,0.9792675971984863,0.9682438373565674,0.7576337456703186,0.013871927745640278,0.9873597025871277,0.92583829164505,0.9887521862983704,0.9173084497451782,0.02744142897427082,0.9792846441268921,0.96793532371521,0.7640506625175476,0.013569504953920841,0.9882833361625671,0.9207046031951904,0.9878249764442444,0.9234941601753235
8,0.9796331524848938,0.9497005343437195,0.7352805733680725,0.014553896151483059,0.9871597290039062,0.9442172050476074,0.9891248345375061,0.9154630899429321,0.028730010613799095,0.0005,0.9796835780143738,0.9498080015182495,0.7498006224632263,0.014176120981574059,0.9873182773590088,0.9437327980995178,0.9890016317367554,0.9165285229682922,0.9792171716690063,0.9690952301025391,0.764743447303772,0.018787862733006477,0.9820886850357056,0.9585696458816528,0.9941675662994385,0.8815513849258423,0.03665756806731224,0.9795274138450623,0.9691986441612244,0.7708544135093689,0.01786968670785427,0.9832257032394409,0.9533622860908508,0.9933406710624695,0.8892914652824402
9,0.9804115295410156,0.949617862701416,0.7443890571594238,0.013808311894536018,0.9878445267677307,0.9461778402328491,0.9891987442970276,0.9222100973129272,0.027020489796996117,0.0005,0.98075270652771,0.9499045610427856,0.7640560269355774,0.01321218628436327,0.9880189299583435,0.9474812150001526,0.9894108772277832,0.9232802987098694,0.9809710383415222,0.9707494378089905,0.7680513262748718,0.012688367627561092,0.9831839203834534,0.9650851488113403,0.9950777888298035,0.8888166546821594,0.0245057400316,0.9822787642478943,0.9718696475028992,0.7888733148574829,0.011817369610071182,0.9859629273414612,0.9567114114761353,0.9937137961387634,0.9075793027877808
10,0.9818137288093567,0.9500641822814941,0.7578350305557251,0.012708453461527824,0.9887558817863464,0.9512478709220886,0.9898415207862854,0.9286550283432007,0.02486947551369667,0.0005,0.9821316599845886,0.9513662457466125,0.7730117440223694,0.012161015532910824,0.9889712333679199,0.9521576762199402,0.9899824857711792,0.929934024810791,0.9768487215042114,0.9651554822921753,0.7547249794006348,0.018027396872639656,0.9785832166671753,0.9639007449150085,0.995082676410675,0.8577319383621216,0.033515773713588715,0.9799354672431946,0.9692546129226685,0.779528796672821,0.015488360077142715,0.9829229116439819,0.9586048722267151,0.9941356182098389,0.8871678113937378
11,0.98124760389328,0.9526464939117432,0.7594974040985107,0.013127551414072514,0.988463819026947,0.9481064677238464,0.989582896232605,0.9244517683982849,0.025858614593744278,0.0005,0.9815177917480469,0.9535383582115173,0.7731857895851135,0.012731042690575123,0.9885179400444031,0.9495879411697388,0.9898518323898315,0.9247360825538635,0.9798663854598999,0.969690203666687,0.7705259919166565,0.014465684071183205,0.9829907417297363,0.957602858543396,0.9939841628074646,0.8876408934593201,0.028775615617632866,0.9803523421287537,0.9703564047813416,0.787973940372467,0.01430993527173996,0.9835013747215271,0.9579978585243225,0.9940196871757507,0.8910669684410095
12,0.9810608625411987,0.9507479071617126,0.7562015056610107,0.013193527236580849,0.9883555173873901,0.9493481516838074,0.9893109798431396,0.9274879097938538,0.025926688686013222,0.0005,0.9813961982727051,0.951877236366272,0.7705060243606567,0.012733172625303268,0.988493025302887,0.950731635093689,0.9895599484443665,0.9282683730125427,0.980737566947937,0.9707699418067932,0.752824068069458,0.013648041523993015,0.986145555973053,0.9438463449478149,0.9917217493057251,0.9089812636375427,0.025986390188336372,0.9816569685935974,0.9717350006103516,0.7694589495658875,0.012338350526988506,0.9860190749168396,0.951583743095398,0.9929278492927551,0.9080268740653992
13,0.9814435839653015,0.9522521495819092,0.7647440433502197,0.012872036546468735,0.9883407354354858,0.9511049389839172,0.9897971153259277,0.9270467758178711,0.025270821526646614,0.0005,0.9817182421684265,0.952926754951477,0.7797097563743591,0.01239877101033926,0.9886713027954102,0.9511206746101379,0.9897658228874207,0.9289460182189941,0.9789498448371887,0.9679350852966309,0.73793625831604,0.015322437509894371,0.9869413375854492,0.9259902238845825,0.9888110756874084,0.9145299792289734,0.02814682573080063,0.9810060262680054,0.9702637195587158,0.7836182117462158,0.012824395671486855,0.9878179430961609,0.9356479048728943,0.9903116822242737,0.920216977596283
14,0.9826095104217529,0.9549346566200256,0.7710548639297485,0.012004109099507332,0.9894176125526428,0.9520375728607178,0.9901811480522156,0.9305734634399414,0.023457584902644157,0.0005,0.9831121563911438,0.9560618996620178,0.7888119220733643,0.011453496292233467,0.9897388219833374,0.9535658955574036,0.9904204607009888,0.9325085282325745,0.9827224612236023,0.9723041653633118,0.7617565393447876,0.011360510252416134,0.9897695183753967,0.9364944100379944,0.990313708782196,0.9331304430961609,0.022074643522500992,0.983583390712738,0.9733700752258301,0.779316782951355,0.010714136995375156,0.9914690256118774,0.9327976703643799,0.9895852208137512,0.94437575340271
15,0.982187032699585,0.9531214237213135,0.764573872089386,0.01212657056748867,0.9890704154968262,0.9510727524757385,0.9900137782096863,0.9293723106384277,0.023672567680478096,0.0005,0.9827093482017517,0.9547572135925293,0.7843586802482605,0.01154603622853756,0.9894213080406189,0.9525619149208069,0.9902527928352356,0.9314272999763489,0.9814496636390686,0.9715851545333862,0.7744412422180176,0.01239133719354868,0.9838601350784302,0.9642625451087952,0.9949316382408142,0.8933766484260559,0.02365606464445591,0.982953667640686,0.9733873009681702,0.7896599769592285,0.011264730244874954,0.9852381944656372,0.9668052792549133,0.9952561855316162,0.9025850296020508
16,0.9824592471122742,0.9525989890098572,0.7673290371894836,0.012149428948760033,0.9892011880874634,0.9522050023078918,0.9901694655418396,0.9313361048698425,0.023736920207738876,0.0005,0.9829567670822144,0.9545208811759949,0.7866919636726379,0.011587515473365784,0.9894737005233765,0.9539365768432617,0.9904586672782898,0.9329423904418945,0.9818220734596252,0.9720752239227295,0.7799205780029297,0.012892637401819229,0.9855194687843323,0.9560836553573608,0.9936392903327942,0.9046236276626587,0.024456024169921875,0.9832580089569092,0.9736583828926086,0.7946979999542236,0.011563383974134922,0.9873672723770142,0.9551252126693726,0.9934051632881165,0.916969358921051
17,0.9830549955368042,0.9547738432884216,0.7698910236358643,0.01162354089319706,0.9896232485771179,0.9525614976882935,0.9905556440353394,0.9309788942337036,0.022681554779410362,0.0005,0.9836077690124512,0.956444263458252,0.7871847748756409,0.011058012023568153,0.9899510145187378,0.9544077515602112,0.9908491969108582,0.9329728484153748,0.9795399904251099,0.9691401720046997,0.7603556513786316,0.014143867418169975,0.9800257086753845,0.9759082198143005,0.9967225790023804,0.867290735244751,0.02667422592639923,0.9811301827430725,0.9712733030319214,0.7874037027359009,0.012530350126326084,0.9820636510848999,0.9742885828018188,0.996440589427948,0.8811119794845581
18,0.9832190871238708,0.9556511640548706,0.7770002484321594,0.01146965753287077,0.9898152947425842,0.9530816674232483,0.9905684590339661,0.9317654967308044,0.022322138771414757,0.0005,0.9837935566902161,0.9571418166160583,0.7931380271911621,0.010852457024157047,0.9901431202888489,0.955049991607666,0.9908783435821533,0.9337895512580872,0.9788341522216797,0.9685002565383911,0.754723072052002,0.015695389360189438,0.9809650182723999,0.9632741212844849,0.9948998093605042,0.8738837242126465,0.028430666774511337,0.9821791648864746,0.9724180102348328,0.7798817753791809,0.012735283933579922,0.9845080375671387,0.9656382203102112,0.995110034942627,0.8977059721946716
19,0.9840685725212097,0.9554995894432068,0.7772307395935059,0.011026222258806229,0.9904319047927856,0.955441415309906,0.9908576011657715,0.936564564704895,0.021425262093544006,0.0005,0.9847272634506226,0.9572189450263977,0.8005033135414124,0.010399042628705502,0.9907870888710022,0.9577963948249817,0.9912461638450623,0.9386921525001526,0.9804180860519409,0.9710094928741455,0.7695178985595703,0.014244557358324528,0.9813479781150818,0.9735641479492188,0.9963576793670654,0.8762883543968201,0.027480043470859528,0.9821780920028687,0.9730820655822754,0.804918646812439,0.013235502876341343,0.984149158000946,0.9680956602096558,0.9954836368560791,0.8952584862709045
20,0.9840089082717896,0.956665575504303,0.7826430201530457,0.010822772048413754,0.9904208183288574,0.955390453338623,0.9908137917518616,0.9360257983207703,0.02103814110159874,0.0005,0.9846010208129883,0.9578621983528137,0.8017336130142212,0.01021535787731409,0.9907174110412598,0.95759516954422,0.9911762475967407,0.9378291368484497,0.9821574091911316,0.9723966717720032,0.781218409538269,0.01288903970271349,0.9851863980293274,0.9608888030052185,0.9943779110908508,0.9023245573043823,0.024723324924707413,0.9832509756088257,0.973578929901123,0.7996242642402649,0.011834293603897095,0.986575186252594,0.9602034687995911,0.9942163228988647,0.9116204380989075
21,0.9835797548294067,0.9549715518951416,0.7796450853347778,0.011199768632650375,0.9899948239326477,0.9565902352333069,0.9905717968940735,0.9366987943649292,0.02170976810157299,0.0005,0.9843561053276062,0.9574390649795532,0.7989374399185181,0.010510005056858063,0.9904019236564636,0.9592966437339783,0.991049587726593,0.9389842748641968,0.980492353439331,0.9703114032745361,0.7830817699432373,0.014988118782639503,0.9855061173439026,0.9460126757621765,0.9920969009399414,0.9046828150749207,0.02868570014834404,0.9813938736915588,0.9717561602592468,0.8076573610305786,0.013697585090994835,0.9860451221466064,0.9494179487228394,0.992592990398407,0.9082319736480713
22,0.9835657477378845,0.9560078978538513,0.7815553545951843,0.011293062940239906,0.9900604486465454,0.9545412063598633,0.9906536340713501,0.9340644478797913,0.02196388691663742,0.0005,0.9842405319213867,0.9577627182006836,0.800615668296814,0.010670792311429977,0.9904500246047974,0.9567985534667969,0.991020917892456,0.9363951086997986,0.9830970168113708,0.9733917117118835,0.7806711792945862,0.011958993040025234,0.9868448972702026,0.9572624564170837,0.9937572479248047,0.9134594202041626,0.023182494565844536,0.9842361211776733,0.974951982498169,0.8063373565673828,0.011223483830690384,0.988355815410614,0.9562252163887024,0.9935281872749329,0.9235343337059021
23,0.9842497706413269,0.955447256565094,0.7828004956245422,0.010750439949333668,0.9906259179115295,0.9568381905555725,0.9907793998718262,0.9395827651023865,0.020845629274845123,0.0005,0.984932005405426,0.9573097825050354,0.8021408915519714,0.010095171630382538,0.9910424947738647,0.9589065313339233,0.9911117553710938,0.9420552849769592,0.9822986125946045,0.9724913239479065,0.7761318683624268,0.013129512779414654,0.9845513701438904,0.9662917852401733,0.9952048659324646,0.8979865312576294,0.023480698466300964,0.9847210049629211,0.9753549695014954,0.8086678981781006,0.010351181030273438,0.9873967170715332,0.9661619663238525,0.9950836300849915,0.9170255661010742
24,0.9837353825569153,0.959095299243927,0.7798542976379395,0.011122224852442741,0.9901818037033081,0.9543864130973816,0.990781843662262,0.9342761039733887,0.02143978513777256,0.0005,0.9845993518829346,0.9610835909843445,0.8003157377243042,0.01031755656003952,0.990657389163971,0.9574050307273865,0.9912691116333008,0.9371688961982727,0.9838528037071228,0.9741246700286865,0.7869225144386292,0.011013435199856758,0.9887001514434814,0.9511891603469849,0.9927270412445068,0.9258809685707092,0.021228831261396408,0.9847878813743591,0.9752872586250305,0.7982063889503479,0.010215390473604202,0.9895048141479492,0.9531368613243103,0.9929915070533752,0.9311962723731995
25,0.9843395948410034,0.9569783210754395,0.7900758981704712,0.01061275228857994,0.9906252026557922,0.9578921794891357,0.9908167123794556,0.9408157467842102,0.020503565669059753,0.0005,0.9851285815238953,0.9590548276901245,0.811373233795166,0.009890817105770111,0.9910638332366943,0.9604933261871338,0.9912667274475098,0.9433125853538513,0.9826398491859436,0.9725226163864136,0.7819203734397888,0.012052078731358051,0.986469566822052,0.9561901092529297,0.9936108589172363,0.9109699726104736,0.022956209257245064,0.9839423894882202,0.974701464176178,0.8159539699554443,0.010904132388532162,0.9870300889015198,0.9625521898269653,0.9945530295372009,0.9146254658699036
26,0.984329879283905,0.9579972624778748,0.786381721496582,0.010612638667225838,0.9905785322189331,0.9575611352920532,0.9909531474113464,0.9381729364395142,0.020528310909867287,0.0005,0.9851169586181641,0.959650993347168,0.8076985478401184,0.009915691800415516,0.9910593628883362,0.959985613822937,0.991348922252655,0.9410008192062378,0.9802519679069519,0.9702629446983337,0.7723731398582458,0.016390636563301086,0.9824445843696594,0.9644237756729126,0.9950090646743774,0.883849024772644,0.03105751797556877,0.9815435409545898,0.9718561768531799,0.791812002658844,0.01466689258813858,0.9853499531745911,0.9550414085388184,0.9934892654418945,0.9035053253173828
27,0.9845038056373596,0.957329273223877,0.7914600372314453,0.010510923340916634,0.9908246397972107,0.9581596255302429,0.9908171892166138,0.9417065382003784,0.0203311275690794,0.0005,0.9852914214134216,0.9596701860427856,0.8103646636009216,0.009820211678743362,0.9912510514259338,0.9608142971992493,0.9912649989128113,0.9442061185836792,0.9809736609458923,0.9717056751251221,0.7803468108177185,0.014883635565638542,0.9827974438667297,0.9677909016609192,0.9954853653907776,0.8861700296401978,0.02909228578209877,0.9821876883506775,0.9732767939567566,0.7985862493515015,0.014208651147782803,0.9849139451980591,0.9629538655281067,0.994697093963623,0.9004680514335632
28,0.9851478338241577,0.9587887525558472,0.788804829120636,0.009980160742998123,0.9912025928497314,0.9583266973495483,0.9913370609283447,0.9408800005912781,0.019312145188450813,0.0005,0.985872745513916,0.9605174660682678,0.8098671436309814,0.009332000277936459,0.9916210770606995,0.9607325196266174,0.9917119145393372,0.9434799551963806,0.9825271368026733,0.9725022912025452,0.7809059023857117,0.012293963693082333,0.9867228269577026,0.9536998867988586,0.9932173490524292,0.9126932621002197,0.023336466401815414,0.9840843081474304,0.9745275378227234,0.8143728375434875,0.011042507365345955,0.9880272746086121,0.9571709632873535,0.9936893582344055,0.921337366104126
29,0.9851486086845398,0.9567798376083374,0.7926837801933289,0.010067710652947426,0.9911947250366211,0.9595775604248047,0.9912388920783997,0.9428730010986328,0.01946631819009781,0.0005,0.98590487241745,0.9586983919143677,0.8123481869697571,0.009398612193763256,0.9916055798530579,0.962129533290863,0.9916720986366272,0.945263683795929,0.982245922088623,0.972629964351654,0.7873204350471497,0.013214699923992157,0.9864837527275085,0.9530922174453735,0.9931358098983765,0.9111070036888123,0.025808770209550858,0.9832352995872498,0.9739543199539185,0.8003063797950745,0.012594076804816723,0.9878643751144409,0.9518037438392639,0.9928663372993469,0.9203203916549683
30,0.9847241044044495,0.9555122256278992,0.7929857969284058,0.010264287702739239,0.9910393953323364,0.9580238461494446,0.9908983707427979,0.9413838982582092,0.019812999293208122,0.0005,0.9855706691741943,0.9578534364700317,0.8122902512550354,0.009548687376081944,0.9915355443954468,0.9607029557228088,0.9913443922996521,0.9442792534828186,0.9820653796195984,0.9724529981613159,0.7841471433639526,0.013056249357759953,0.9844540357589722,0.9651006460189819,0.9950327277183533,0.8973516821861267,0.025066696107387543,0.9832068085670471,0.9738141894340515,0.8055603504180908,0.012010449543595314,0.9860543608665466,0.9633008241653442,0.9947041869163513,0.9080981016159058
31,0.9848746061325073,0.9568954706192017,0.791592001914978,0.010182940401136875,0.9910621643066406,0.9582673907279968,0.9911168217658997,0.9405416250228882,0.019640600308775902,0.0005,0.9857766032218933,0.9593020677566528,0.8130617141723633,0.009457668289542198,0.9915568232536316,0.9613548517227173,0.9916214942932129,0.9435190558433533,0.9803982973098755,0.9705194234848022,0.7748239040374756,0.014057950116693974,0.981499969959259,0.9723014235496521,0.9961740970611572,0.877338171005249,0.026402875781059265,0.9821249842643738,0.9724234938621521,0.7987952828407288,0.01234492752701044,0.983686625957489,0.9708834886550903,0.9959045648574829,0.8921058177947998
32,0.9843528270721436,0.9570342302322388,0.7864954471588135,0.010441338643431664,0.9907355308532715,0.9563419818878174,0.9908256530761719,0.9400038719177246,0.020115787163376808,0.0005,0.9852628111839294,0.9589563012123108,0.8095553517341614,0.009674444794654846,0.9912376999855042,0.9594254493713379,0.9913384318351746,0.942979097366333,0.9841969013214111,0.9746116399765015,0.7831353545188904,0.010558519512414932,0.9886054396629333,0.9543531537055969,0.9932258725166321,0.9252146482467651,0.020301593467593193,0.985258936882019,0.9761946201324463,0.807071328163147,0.009743071161210537,0.9894233345985413,0.9571565985679626,0.9936235547065735,0.930612325668335
33,0.9846580028533936,0.9575803279876709,0.7883478403091431,0.0103352265432477,0.9907746315002441,0.9586880803108215,0.9910591244697571,0.9414566159248352,0.0199029091745615,0.0005,0.9855698347091675,0.9603437781333923,0.8095494508743286,0.009567665867507458,0.9912868142127991,0.9616856575012207,0.9915944337844849,0.9442813396453857,0.9823434352874756,0.9728277325630188,0.7866591215133667,0.013126352801918983,0.9859021306037903,0.9576041102409363,0.9938520193099976,0.9071602821350098,0.026404518634080887,0.9830681085586548,0.9740360379219055,0.803952693939209,0.013278166763484478,0.9867666363716125,0.9575456380844116,0.9938040375709534,0.9129338264465332
34,0.9850038886070251,0.9590460062026978,0.7950150966644287,0.010070644319057465,0.9910901188850403,0.9586132168769836,0.9912187457084656,0.9410470724105835,0.019320977851748466,0.0005,0.9859914183616638,0.9615068435668945,0.8148508071899414,0.009250338189303875,0.9916567206382751,0.9618592262268066,0.9917569756507874,0.9443864822387695,0.9827746152877808,0.9732405543327332,0.7798692584037781,0.012240713462233543,0.9846817255020142,0.9691914319992065,0.9956263899803162,0.8988180160522461,0.02349880523979664,0.9840678572654724,0.9749748706817627,0.7954195737838745,0.011258095502853394,0.985410213470459,0.974507749080658,0.9963815808296204,0.9036278128623962
35,0.9851192235946655,0.9582106471061707,0.7932590842247009,0.010027254931628704,0.991256058216095,0.9586561322212219,0.9912129640579224,0.94172602891922,0.019203152507543564,0.0005,0.9861334562301636,0.9603512287139893,0.8125260472297668,0.009175899438560009,0.991830587387085,0.9620321393013,0.9917727112770081,0.9451214671134949,0.9814236760139465,0.9721154570579529,0.7782543301582336,0.01384691707789898,0.9822836518287659,0.9751276969909668,0.9965539574623108,0.8825831413269043,0.02570987120270729,0.9835219383239746,0.9746620059013367,0.8052690029144287,0.011862949468195438,0.985431969165802,0.9699901938438416,0.9957194924354553,0.9038380980491638
36,0.9862760901451111,0.9595447778701782,0.8018127083778381,0.009198695421218872,0.9919522404670715,0.9627993106842041,0.9917548298835754,0.9480342864990234,0.01750009134411812,5.0000002e-05,0.9873805046081543,0.9624171257019043,0.8286561965942383,0.00830139871686697,0.9925971627235413,0.9662819504737854,0.9923437833786011,0.9517539143562317,0.9846546649932861,0.9755018949508667,0.7920628786087036,0.010506712831556797,0.9881592392921448,0.9606615304946899,0.9942194819450378,0.9221735596656799,0.01995445415377617,0.9863357543945312,0.977841317653656,0.8141590356826782,0.009447736665606499,0.9901454448699951,0.9606699347496033,0.9941381216049194,0.9353638291358948
37,0.98593670129776,0.9604454636573792,0.8051735162734985,0.009375117719173431,0.9917990565299988,0.9618730545043945,0.9915117025375366,0.9463034868240356,0.017814230173826218,5.0000002e-05,0.9871200323104858,0.9633744359016418,0.8295424580574036,0.008439121767878532,0.9924924969673157,0.9655993580818176,0.9921331405639648,0.9503442645072937,0.9849065542221069,0.975594162940979,0.7937560677528381,0.010321556590497494,0.9885345101356506,0.960156261920929,0.9941262602806091,0.9246755242347717,0.01948101818561554,0.9865976572036743,0.9780014753341675,0.8156452775001526,0.009159468114376068,0.9904025793075562,0.9610098004341125,0.9941802620887756,0.9370638132095337
38,0.9858001470565796,0.9617733359336853,0.8027253150939941,0.009407181292772293,0.9916925430297852,0.9610977172851562,0.9915140867233276,0.9448270201683044,0.01789514720439911,5.0000002e-05,0.9869556427001953,0.9648476243019104,0.8264894485473633,0.008487979881465435,0.9923166632652283,0.9650552868843079,0.9921890497207642,0.9484474062919617,0.9847745299339294,0.975522518157959,0.7919790744781494,0.010510553605854511,0.9885354042053223,0.9591474533081055,0.993971049785614,0.9246933460235596,0.019819067791104317,0.9865683913230896,0.9780821204185486,0.8159254193305969,0.00930851511657238,0.9903870820999146,0.9608870148658752,0.9941617846488953,0.9369623064994812
39,0.9862383604049683,0.9598527550697327,0.8049551248550415,0.009103591553866863,0.9919862747192383,0.9625799655914307,0.9917023777961731,0.9469082951545715,0.017315594479441643,5.0000002e-05,0.9873804450035095,0.9629176259040833,0.8288872241973877,0.008211996406316757,0.9925948977470398,0.9665156602859497,0.9923822283744812,0.9504035711288452,0.9845873117446899,0.9751619100570679,0.7909192442893982,0.01043757051229477,0.9878831505775452,0.961934506893158,0.9944251775741577,0.920320451259613,0.01979117840528488,0.9863348007202148,0.9776486754417419,0.8138561844825745,0.009353598579764366,0.9900250434875488,0.9614300727844238,0.994260847568512,0.9345576167106628
40,0.9862252473831177,0.9611385464668274,0.8043383359909058,0.009130038321018219,0.9920348525047302,0.9620387554168701,0.9916532039642334,0.9467609524726868,0.01734144426882267,5.0000002e-05,0.987377941608429,0.9638498425483704,0.8301753997802734,0.00821139570325613,0.992633044719696,0.9661193490028381,0.9923505187034607,0.9502496719360352,0.9847886562347412,0.9755349159240723,0.791976809501648,0.010689503513276577,0.9890398383140564,0.9560506939888,0.99346923828125,0.9280799031257629,0.019823551177978516,0.986614465713501,0.978171169757843,0.81623774766922,0.00913404580205679,0.9906173944473267,0.9597793221473694,0.9939796924591064,0.9384986162185669
41,0.9863025546073914,0.9612012505531311,0.8036705851554871,0.009083986282348633,0.9920681118965149,0.9612253308296204,0.9918270111083984,0.9451373815536499,0.017235934734344482,5.0000002e-05,0.9874759912490845,0.9646115899085999,0.8290050625801086,0.008151941932737827,0.9927182793617249,0.9652538299560547,0.9924854040145874,0.9490524530410767,0.9842182993888855,0.9748472571372986,0.7919763922691345,0.010764163918793201,0.9873033761978149,0.9628868699073792,0.9945929050445557,0.9164444804191589,0.02020183764398098,0.9861389398574829,0.9774606227874756,0.816365659236908,0.009437677450478077,0.9895942211151123,0.9627019762992859,0.9944745302200317,0.9316868782043457
42,0.9858555793762207,0.95881587266922,0.8027054667472839,0.009336497634649277,0.9918389916419983,0.9609659314155579,0.9913641810417175,0.9468622803688049,0.01775793731212616,5.0000002e-05,0.9870419502258301,0.9616943001747131,0.8299486637115479,0.008421439677476883,0.9925326704978943,0.9647032022476196,0.9920030236244202,0.9508287906646729,0.9848973155021667,0.9755901098251343,0.7937057614326477,0.010432509705424309,0.9888890385627747,0.9578232169151306,0.9937511086463928,0.9270588159561157,0.019485974684357643,0.9867169260978699,0.9781297445297241,0.8190304040908813,0.009053463116288185,0.9911478757858276,0.9572345018386841,0.9935575723648071,0.9420311450958252
43,0.9865071177482605,0.9598390460014343,0.8011170029640198,0.008968967944383621,0.9921887516975403,0.9628949165344238,0.9918394088745117,0.9475255012512207,0.01705646701157093,5.0000002e-05,0.9876129031181335,0.9631392359733582,0.82888263463974,0.008087505586445332,0.9927671551704407,0.9667598009109497,0.9924876093864441,0.9509562253952026,0.9836652874946594,0.9743276834487915,0.7912720441818237,0.011777816340327263,0.986864447593689,0.9614987373352051,0.9944004416465759,0.9135341048240662,0.02201523445546627,0.985561192035675,0.976902186870575,0.8176395297050476,0.010237419046461582,0.9886803030967712,0.964205265045166,0.9947400689125061,0.925598680973053
44,0.9864845275878906,0.9609673023223877,0.808441698551178,0.009023373946547508,0.9922018647193909,0.9627262949943542,0.9917988777160645,0.947902500629425,0.017149293795228004,5.0000002e-05,0.9876140356063843,0.9640074372291565,0.8350990414619446,0.008125917986035347,0.9928385615348816,0.9664466381072998,0.9924236536026001,0.951627254486084,0.984009861946106,0.9746798872947693,0.7909229397773743,0.011252611875534058,0.9872357249259949,0.9617244601249695,0.9944194555282593,0.9160081744194031,0.021102087572216988,0.9859276413917542,0.9772710204124451,0.8144631385803223,0.00984947755932808,0.9894390106201172,0.9620969295501709,0.9943874478340149,0.9306631684303284
45,0.9864822030067444,0.9612283110618591,0.8081159591674805,0.008936678059399128,0.9922214150428772,0.9629202485084534,0.9917477965354919,0.9485217332839966,0.016942938789725304,5.0000002e-05,0.9877083897590637,0.9645145535469055,0.8345062732696533,0.008006254211068153,0.9929139614105225,0.9669084548950195,0.9924196600914001,0.952556848526001,0.9838963150978088,0.9744662046432495,0.7922140955924988,0.011425956152379513,0.9870933890342712,0.9617788195610046,0.9944334626197815,0.9150580167770386,0.0212958212941885,0.9859485626220703,0.9772560000419617,0.8155381679534912,0.009869853965938091,0.9893352389335632,0.9629212021827698,0.9945183992385864,0.9299657344818115
46,0.9861441850662231,0.9593514800071716,0.8000636100769043,0.009161907248198986,0.9919818639755249,0.9619569778442383,0.9915961027145386,0.9467889666557312,0.01741548627614975,5.0000002e-05,0.987329363822937,0.9624864459037781,0.827936589717865,0.008253566920757294,0.9926561117172241,0.9658066630363464,0.9922538995742798,0.9506629705429077,0.9844891428947449,0.9752189517021179,0.7940390110015869,0.011256685480475426,0.9892972707748413,0.9522072672843933,0.9928560256958008,0.9298305511474609,0.0208992138504982,0.9862556457519531,0.9776819944381714,0.8170922994613647,0.00964252557605505,0.9906721711158752,0.9567704200744629,0.9935062527656555,0.9388898015022278
47,0.9862765073776245,0.960676908493042,0.8068838715553284,0.009041481651365757,0.9921139478683472,0.9627865552902222,0.9915574789047241,0.9486048221588135,0.01714353635907173,5.0000002e-05,0.9875279068946838,0.9638211131095886,0.8324306011199951,0.008102059364318848,0.9927928447723389,0.9669601917266846,0.9922868609428406,0.9524545073509216,0.9842476844787598,0.97498619556427,0.794119656085968,0.011326277628540993,0.9883871078491211,0.9561106562614441,0.99350905418396,0.9237432479858398,0.02103167213499546,0.986053466796875,0.9774959087371826,0.8179448246955872,0.00970540102571249,0.9900473356246948,0.9591771960258484,0.9939102530479431,0.9347285628318787
48,0.9865797758102417,0.9610146880149841,0.8057088255882263,0.008904148824512959,0.9922327995300293,0.9624924063682556,0.9918786883354187,0.9479307532310486,0.01690167747437954,5.0000002e-05,0.9877018928527832,0.9644203782081604,0.832870364189148,0.007997537963092327,0.9928314685821533,0.9663982391357422,0.9925475120544434,0.9513995051383972,0.9841504096984863,0.9748778939247131,0.7943114638328552,0.011298594065010548,0.9881736636161804,0.9567360877990723,0.9936156272888184,0.9223164916038513,0.020790135487914085,0.9861630201339722,0.9775575399398804,0.817427933216095,0.009491550736129284,0.9900870323181152,0.9597461819648743,0.9939970970153809,0.934985876083374
49,0.9867072701454163,0.9628643989562988,0.8065597414970398,0.008738204836845398,0.9923666715621948,0.9626114964485168,0.9919286370277405,0.9478841423988342,0.016555946320295334,5.0000002e-05,0.9878973960876465,0.9655709862709045,0.8311489820480347,0.007817739620804787,0.9930257797241211,0.9666522145271301,0.9925954937934875,0.951819658279419,0.9838362336158752,0.9744404554367065,0.7871469259262085,0.011696859262883663,0.9870625138282776,0.9615188837051392,0.99439537525177,0.9148554801940918,0.021877504885196686,0.9856230616569519,0.9769718647003174,0.8145991563796997,0.010180660523474216,0.9888855218887329,0.9633482098579407,0.994601309299469,0.9269724488258362
50,0.9864018559455872,0.9613673090934753,0.8080547451972961,0.008974911645054817,0.9922028183937073,0.9622029662132263,0.9916747212409973,0.948405921459198,0.01701352372765541,5.0000002e-05,0.9875736832618713,0.9643580913543701,0.833634078502655,0.008038616739213467,0.9928500652313232,0.9661078453063965,0.992332935333252,0.9521950483322144,0.9832858443260193,0.9738383889198303,0.7870371341705322,0.012477654963731766,0.9857742786407471,0.9657960534095764,0.9950873255729675,0.9061897993087769,0.023569952696561813,0.985296368598938,0.9766705632209778,0.8124583959579468,0.011092297732830048,0.9879488348960876,0.9669654369354248,0.995185136795044,0.9206965565681458
51,0.9866719245910645,0.9621705412864685,0.8105387687683105,0.008841468952596188,0.9923361539840698,0.9630909562110901,0.9918926954269409,0.948527991771698,0.01674719527363777,5.0000002e-05,0.9878811240196228,0.9652590155601501,0.8352562785148621,0.007905715145170689,0.9930025339126587,0.9671554565429688,0.9925893545150757,0.9523682594299316,0.9842317700386047,0.9748950004577637,0.7946508526802063,0.011249329894781113,0.9878900647163391,0.9591706395149231,0.994002640247345,0.920400083065033,0.020736943930387497,0.9861891269683838,0.9776272177696228,0.8192206621170044,0.00948761124163866,0.9893121719360352,0.9648980498313904,0.9948222041130066,0.9297906160354614
52,0.986907422542572,0.9596450328826904,0.8101690411567688,0.008633766323328018,0.9923688173294067,0.9648803472518921,0.9920831918716431,0.9499450325965881,0.016348332166671753,5.0000002e-05,0.9880932569503784,0.9629500508308411,0.8359793424606323,0.00771457189694047,0.9930382966995239,0.9687158465385437,0.9927480816841125,0.953744113445282,0.9844083189964294,0.9751102924346924,0.7952167987823486,0.01141154021024704,0.9888697862625122,0.9542757868766785,0.993200957775116,0.9269711375236511,0.02102915570139885,0.9864068031311035,0.9778257608413696,0.8192447423934937,0.009617610834538937,0.9906343817710876,0.9581311941146851,0.9937213659286499,0.9386265277862549
53,0.9866238832473755,0.9617453813552856,0.8041210174560547,0.008836681954562664,0.9922831654548645,0.9617705345153809,0.9919893145561218,0.9462835788726807,0.016729148104786873,5.0000002e-05,0.9878454804420471,0.9648120999336243,0.8288291692733765,0.007892453111708164,0.992967963218689,0.9659398794174194,0.9926586151123047,0.950470507144928,0.9840232729911804,0.974644124507904,0.789885401725769,0.011539377272129059,0.9872384071350098,0.9618105292320251,0.9944323897361755,0.916024923324585,0.02172078937292099,0.985688328742981,0.9770500659942627,0.8164387941360474,0.010181408375501633,0.9890497326850891,0.9627796411514282,0.9945078492164612,0.9280703663825989
54,0.9868767857551575,0.9622786641120911,0.8055838346481323,0.008646124973893166,0.9924611449241638,0.9629340767860413,0.992070734500885,0.9484831094741821,0.016402442008256912,5.0000002e-05,0.9880709648132324,0.9656168222427368,0.8318057656288147,0.007756324484944344,0.9931179285049438,0.9670273661613464,0.9927405714988708,0.9524426460266113,0.9842202067375183,0.9749531745910645,0.7936553955078125,0.011311981827020645,0.9882017374038696,0.9570817947387695,0.9936676621437073,0.9224990606307983,0.020978527143597603,0.986079752445221,0.9775270223617554,0.8199730515480042,0.00966653972864151,0.9901518821716309,0.9587150812149048,0.9938337802886963,0.9354256987571716
55,0.9865056872367859,0.960247814655304,0.8036754131317139,0.008938386105000973,0.9922481179237366,0.9623712301254272,0.9917884469032288,0.9477138519287109,0.016939226537942886,5.0000002e-05,0.9877305030822754,0.962948203086853,0.8307672142982483,0.008000809699296951,0.9929555058479309,0.9663346409797668,0.992462694644928,0.9517924189567566,0.9842418432235718,0.9749833345413208,0.7949272394180298,0.011540132574737072,0.9880949258804321,0.9579346776008606,0.9938037991523743,0.9217785000801086,0.021666651591658592,0.9859733581542969,0.9773651361465454,0.81784588098526,0.01012652087956667,0.9899060130119324,0.9594687819480896,0.9939616918563843,0.9337888956069946
56,0.9863930344581604,0.962649941444397,0.8093975782394409,0.008931608870625496,0.9922148585319519,0.9616633653640747,0.9917001724243164,0.9466191530227661,0.016914183273911476,5.0000002e-05,0.9876426458358765,0.9656851291656494,0.8348113298416138,0.007982577197253704,0.9928811192512512,0.96604323387146,0.9924431443214417,0.9505125284194946,0.984237015247345,0.9749708771705627,0.7948278188705444,0.011315111070871353,0.9878458380699158,0.9594975709915161,0.9940546154975891,0.9201012849807739,0.021056100726127625,0.9862198233604431,0.9776986837387085,0.8212794065475464,0.00974099151790142,0.9896062612533569,0.9632373452186584,0.9945564270019531,0.9317615032196045
57,0.9865898489952087,0.9622718095779419,0.8080886602401733,0.008900568820536137,0.9922680258750916,0.9630113244056702,0.9918476939201355,0.9481051564216614,0.016863003373146057,5.0000002e-05,0.987811267375946,0.965542733669281,0.8315516114234924,0.00796243641525507,0.9929326772689819,0.9671564102172852,0.9925504922866821,0.9519821405410767,0.9844838380813599,0.9752197265625,0.7954293489456177,0.011014074087142944,0.9883742332458496,0.9579786658287048,0.9937981367111206,0.9236354827880859,0.02076324075460434,0.9861430525779724,0.9776025414466858,0.820135235786438,0.009749168530106544,0.9898691177368164,0.9609779119491577,0.9941972494125366,0.933528482913971
58,0.9868142008781433,0.9619000554084778,0.8083320260047913,0.008680165745317936,0.992468535900116,0.9633767008781433,0.9919045567512512,0.94889897108078,0.016461294144392014,5.0000002e-05,0.9879975318908691,0.9649369120597839,0.8334925770759583,0.007781139574944973,0.9931088089942932,0.9674243927001953,0.9925995469093323,0.9525911808013916,0.9835980534553528,0.9741412997245789,0.7925077676773071,0.012232931330800056,0.9869768619537354,0.9602459669113159,0.9942057728767395,0.9143008589744568,0.022948648780584335,0.9855599403381348,0.976895272731781,0.8160011768341064,0.010715712793171406,0.9889751076698303,0.9622893333435059,0.9944356083869934,0.9275797605514526
59,0.9870842099189758,0.9616098403930664,0.8132829070091248,0.00848388485610485,0.9925875663757324,0.9640211462974548,0.9921132326126099,0.9499759078025818,0.016042375937104225,5.0000002e-05,0.988288938999176,0.9648953676223755,0.8386428356170654,0.00755850737914443,0.9932512640953064,0.9680964946746826,0.9928106665611267,0.9538098573684692,0.984091579914093,0.9747394919395447,0.7923471927642822,0.011692223139107227,0.9878089427947998,0.9586276412010193,0.9939229488372803,0.9198668003082275,0.021995121613144875,0.9857380986213684,0.9771276116371155,0.8179063200950623,0.010302894748747349,0.9892565608024597,0.961830735206604,0.9943538904190063,0.9294545650482178
60,0.9868783354759216,0.9617173075675964,0.8064882159233093,0.008652247488498688,0.9924896359443665,0.9629300236701965,0.9920205473899841,0.9480177760124207,0.01637873612344265,5.0000002e-05,0.9881054162979126,0.9644742012023926,0.8351612687110901,0.007726490497589111,0.9930902123451233,0.967543363571167,0.9927986860275269,0.9515868425369263,0.9839340448379517,0.9744880795478821,0.7918997406959534,0.011474255472421646,0.9874882102012634,0.9594961404800415,0.9940697550773621,0.9177193641662598,0.02133740484714508,0.9858301281929016,0.9771896600723267,0.8169669508934021,0.009863159619271755,0.9894101619720459,0.9615408182144165,0.9943029880523682,0.9304777979850769
61,0.9869381785392761,0.9610843658447266,0.8098094463348389,0.008598649874329567,0.9924808740615845,0.9642043709754944,0.9920216202735901,0.9497477412223816,0.0162674430757761,5.0000002e-05,0.9881738424301147,0.9643393158912659,0.8360921144485474,0.007668803911656141,0.9931913614273071,0.9681915640830994,0.992709219455719,0.9537942409515381,0.9842931628227234,0.9750124216079712,0.7955424189567566,0.011531515046954155,0.9882056713104248,0.9576113224029541,0.9937490820884705,0.9225192070007324,0.021221691742539406,0.9862326979637146,0.9777650237083435,0.8171723484992981,0.009690172970294952,0.9897258877754211,0.9625673294067383,0.9944485425949097,0.9325620532035828
62,0.986847996711731,0.963748037815094,0.8117575645446777,0.00864230003207922,0.9924873113632202,0.9629460573196411,0.9919877052307129,0.9481998682022095,0.01633412018418312,5.0000002e-05,0.9881104230880737,0.9668810367584229,0.8370217084884644,0.007691826671361923,0.9931780099868774,0.967292845249176,0.9927111864089966,0.9523002505302429,0.9837737679481506,0.974448561668396,0.7921341061592102,0.011994444765150547,0.9869884848594666,0.9615231156349182,0.9943990111351013,0.9143615961074829,0.02243572287261486,0.985680341720581,0.9771460890769958,0.8170930743217468,0.010441281832754612,0.9886608719825745,0.9652448892593384,0.9948991537094116,0.9254574775695801
63,0.9862191677093506,0.9603354930877686,0.8125253319740295,0.009138697758316994,0.991995096206665,0.9631584286689758,0.9915985465049744,0.9483677744865417,0.01725267991423607,5.0000002e-05,0.9874861836433411,0.9633373022079468,0.8407509326934814,0.008113990537822247,0.9926747679710388,0.9673969149589539,0.9923407435417175,0.9522193074226379,0.9843166470527649,0.9750658869743347,0.793864369392395,0.011588308960199356,0.9882334470748901,0.9576135873794556,0.9937481880187988,0.9227033853530884,0.02116086147725582,0.9864643216133118,0.9779629707336426,0.8186156749725342,0.009572546929121017,0.9902219176292419,0.9611510634422302,0.9942096471786499,0.9358653426170349
64,0.9868464469909668,0.9611802101135254,0.8060604333877563,0.008698050864040852,0.9924230575561523,0.9635789394378662,0.9920264482498169,0.948241114616394,0.016419481486082077,5.0000002e-05,0.9881263971328735,0.9646872878074646,0.8344770669937134,0.007721427362412214,0.9931578636169434,0.9677737355232239,0.9927292466163635,0.9525399208068848,0.9841946959495544,0.9749902486801147,0.7956610321998596,0.011945300735533237,0.9884451627731323,0.955346405506134,0.9933878779411316,0.9241384863853455,0.021926937624812126,0.9862322211265564,0.9777176380157471,0.8189538717269897,0.009981646202504635,0.9901114106178284,0.960110068321228,0.9940525889396667,0.9351434111595154
65,0.9871165156364441,0.9627003073692322,0.8054515719413757,0.008538727648556232,0.9926259517669678,0.9642449617385864,0.9921175837516785,0.9499686360359192,0.01609920524060726,5.0000002e-05,0.9884030222892761,0.9657539129257202,0.8334341049194336,0.007560457102954388,0.9933834671974182,0.9683220386505127,0.9927912950515747,0.9544315934181213,0.9844362735748291,0.9751046299934387,0.7976564764976501,0.011348658241331577,0.9884548187255859,0.9571064710617065,0.9936599135398865,0.9241815209388733,0.021163783967494965,0.9864669442176819,0.9778873920440674,0.8202378749847412,0.009815133176743984,0.9904353618621826,0.9598215222358704,0.9939939975738525,0.9372926950454712
66,0.9868849515914917,0.9618169665336609,0.8168599009513855,0.008608048781752586,0.9925209879875183,0.9637606143951416,0.9919115304946899,0.9496271014213562,0.016267769038677216,5.0000002e-05,0.9881529808044434,0.9650712013244629,0.8418315052986145,0.007659710943698883,0.9931972026824951,0.9681400060653687,0.9926592707633972,0.9535606503486633,0.9845548272132874,0.9753029346466064,0.7985744476318359,0.011205608025193214,0.9886974096298218,0.9564588665962219,0.9935485124588013,0.9258010983467102,0.02079949527978897,0.9865525960922241,0.9780296683311462,0.8212148547172546,0.00959387980401516,0.9905973076820374,0.9594441652297974,0.9939282536506653,0.9383683204650879
67,0.9871283173561096,0.96218341588974,0.8110461235046387,0.008475199341773987,0.9926759004592896,0.9639946818351746,0.9920639395713806,0.9504273533821106,0.01597355678677559,5.0000003e-06,0.9884527921676636,0.965258777141571,0.8362724781036377,0.0074983579106628895,0.9933945536613464,0.9685118794441223,0.9928450584411621,0.9545444250106812,0.9843394756317139,0.9751330018043518,0.7970784902572632,0.011410483159124851,0.9879633784294128,0.9595202207565308,0.994053065776825,0.9208838939666748,0.02111177332699299,0.9863964319229126,0.9779441356658936,0.8207640647888184,0.009701287373900414,0.9898775219917297,0.9628357887268066,0.994484007358551,0.9335653185844421
68,0.9870018362998962,0.962138831615448,0.8097848296165466,0.008586930111050606,0.99261075258255,0.9634389877319336,0.9920183420181274,0.9489222764968872,0.016186175867915154,5.0000003e-06,0.9883116483688354,0.9654013514518738,0.8361108303070068,0.007599261123687029,0.9933006167411804,0.9680661559104919,0.9927936792373657,0.9530134201049805,0.9842378497123718,0.9749878644943237,0.7941887974739075,0.011471087113022804,0.987621009349823,0.9609618186950684,0.9942877292633057,0.9185858368873596,0.021433228626847267,0.9861004948616028,0.9776257276535034,0.8203533291816711,0.00996213499456644,0.9894523024559021,0.9633198380470276,0.9945750832557678,0.9307382702827454
69,0.9871779680252075,0.9605616927146912,0.8162643313407898,0.00846243929117918,0.9925999045372009,0.965381920337677,0.9921726584434509,0.950866162776947,0.015930015593767166,5.0000003e-06,0.9884955883026123,0.9637183547019958,0.8422034382820129,0.007467589341104031,0.9933156371116638,0.9698006510734558,0.9929487705230713,0.954901397228241,0.9844569563865662,0.9752135872840881,0.7948789000511169,0.011120853945612907,0.9881360530853271,0.9593039751052856,0.9940124154090881,0.9220353364944458,0.02080347202718258,0.986255407333374,0.9777310490608215,0.8216761350631714,0.009682617150247097,0.9899526238441467,0.9612909555435181,0.9942423105239868,0.9340792298316956
70,0.9871271252632141,0.9622922539710999,0.8121510148048401,0.008480875752866268,0.9927076101303101,0.9638056755065918,0.9920370578765869,0.9507126212120056,0.016006818041205406,5.0000003e-06,0.9883832931518555,0.9648008942604065,0.8372066617012024,0.007525951601564884,0.9933562874794006,0.9682652354240417,0.9928002953529358,0.9544982314109802,0.984168291091919,0.9748621582984924,0.793247640132904,0.011493690311908722,0.9873872399330139,0.9619523286819458,0.9944478869438171,0.917015552520752,0.02145610749721527,0.9860065579414368,0.9774888753890991,0.8201866149902344,0.009962419979274273,0.9893170595169067,0.9634754061698914,0.9946041107177734,0.9298388957977295
71,0.9877028465270996,0.9609766602516174,0.8134793639183044,0.008142192848026752,0.9929094910621643,0.9667367339134216,0.992459237575531,0.9526519775390625,0.015310581773519516,5.0000003e-06,0.9889651536941528,0.9639998078346252,0.8375628590583801,0.007168369367718697,0.9935947060585022,0.9709888100624084,0.9932038187980652,0.9565274119377136,0.9845252633094788,0.9752808213233948,0.7975507974624634,0.011266051791608334,0.9885286092758179,0.9573090076446533,0.9936878085136414,0.9246699213981628,0.020890366286039352,0.9865789413452148,0.9780781269073486,0.8208436369895935,0.00962431263178587,0.9904589653015137,0.9605120420455933,0.9941005110740662,0.9374424815177917
72,0.9869526028633118,0.9618839025497437,0.8144616484642029,0.008588018827140331,0.992484986782074,0.9641848802566528,0.9920404553413391,0.9495736956596375,0.016165325418114662,5.0000003e-06,0.9882774949073792,0.9652069807052612,0.8403094410896301,0.007577302400022745,0.9932566285133362,0.9684244394302368,0.9927592873573303,0.9540267586708069,0.9843369722366333,0.9750441908836365,0.7963821291923523,0.011341014876961708,0.9878421425819397,0.9602847695350647,0.994175136089325,0.9200671911239624,0.02107590064406395,0.9863875508308411,0.9778715372085571,0.8222693204879761,0.00973487924784422,0.9899119138717651,0.9625483155250549,0.9944382905960083,0.9337964057922363
73,0.9870116114616394,0.9616434574127197,0.813494861125946,0.008553065359592438,0.9925356507301331,0.9646047353744507,0.9920396208763123,0.9501540660858154,0.016129862517118454,5.0000003e-06,0.9882810115814209,0.9647442102432251,0.839354395866394,0.007576784584671259,0.993179202079773,0.9691015481948853,0.9928373098373413,0.9537701606750488,0.9838635921478271,0.974441409111023,0.7913274168968201,0.011779023334383965,0.9868872165679932,0.9628821015357971,0.9946085214614868,0.9136676788330078,0.022166889160871506,0.9856235384941101,0.9769456386566162,0.8182634711265564,0.010387871414422989,0.9889167547225952,0.9631468057632446,0.9945693016052246,0.9271827340126038
74,0.9870169162750244,0.9610927104949951,0.8094702363014221,0.008572671562433243,0.9925268292427063,0.9637963175773621,0.9921153783798218,0.9490737318992615,0.01620773784816265,5.0000003e-06,0.9882263541221619,0.9645169377326965,0.834949791431427,0.007635060697793961,0.9931853413581848,0.9679531455039978,0.99281907081604,0.9529216289520264,0.9842174053192139,0.9749382138252258,0.7966683506965637,0.011518965475261211,0.9880216717720032,0.9582152366638184,0.9938502907752991,0.9212877750396729,0.02145153284072876,0.9861292243003845,0.9776651859283447,0.819122314453125,0.009932568296790123,0.9897264242172241,0.961780309677124,0.9943271279335022,0.9325738549232483
75,0.9867835640907288,0.962232232093811,0.8127890825271606,0.00870600063353777,0.992465615272522,0.9621506929397583,0.9919707775115967,0.94756680727005,0.016445517539978027,5.0000003e-06,0.988074779510498,0.96534663438797,0.8379896283149719,0.007739508990198374,0.9931241869926453,0.966905951499939,0.9927728772163391,0.9514574408531189,0.9844099879264832,0.97515869140625,0.7984775304794312,0.011781345121562481,0.9888162016868591,0.9546232223510742,0.9932577013969421,0.9266113638877869,0.021683301776647568,0.9865362644195557,0.978056788444519,0.8214671611785889,0.009901953861117363,0.990604817867279,0.9592746496200562,0.9939014315605164,0.9384202361106873
76,0.9872687458992004,0.9611769914627075,0.8120967745780945,0.008447731845080853,0.9926676750183105,0.9650284647941589,0.9922235012054443,0.9509537220001221,0.01587756909430027,5.0000003e-06,0.9885554909706116,0.964597225189209,0.8399981260299683,0.007429847959429026,0.993316650390625,0.9696637392044067,0.9930382370948792,0.9546393156051636,0.9845293164253235,0.975303053855896,0.7987773418426514,0.011742545291781425,0.98908931016922,0.9538023471832275,0.9931163787841797,0.928433358669281,0.02160368300974369,0.9866780638694763,0.978217363357544,0.8230711221694946,0.009861141443252563,0.9909796118736267,0.9579906463623047,0.9936840534210205,0.9409116506576538
77,0.9870360493659973,0.9599881768226624,0.8066145181655884,0.008586241863667965,0.9925782680511475,0.9639551043510437,0.9920562505722046,0.9503583908081055,0.016147078946232796,5.0000003e-06,0.9884014129638672,0.9631998538970947,0.8298917412757874,0.007560811936855316,0.993354320526123,0.9684093594551086,0.9928231835365295,0.9547954797744751,0.984281599521637,0.9750568866729736,0.7974884510040283,0.011634718626737595,0.9883183240890503,0.9568079113960266,0.993619978427887,0.9232779741287231,0.021458452567458153,0.98637455701828,0.9778894186019897,0.8223879337310791,0.009823738597333431,0.9902030229568481,0.9606005549430847,0.9941249489784241,0.9357457756996155
78,0.9873610734939575,0.9620177745819092,0.8156808018684387,0.008344098925590515,0.9927525520324707,0.9655038714408875,0.9922173023223877,0.9519439935684204,0.015731986612081528,5.0000003e-06,0.9886027574539185,0.965451180934906,0.8406144380569458,0.007387874647974968,0.9933719635009766,0.9699616432189941,0.9930141568183899,0.9554067254066467,0.9842697381973267,0.9749990105628967,0.7957924604415894,0.011545330286026001,0.9879757761955261,0.9589109420776367,0.9939590692520142,0.9209737777709961,0.021550102159380913,0.9861006140708923,0.9776182770729065,0.8207051753997803,0.010004766285419464,0.9896168112754822,0.9622646570205688,0.9944062829017639,0.9318417906761169
79,0.9871861934661865,0.9642269611358643,0.8115783333778381,0.008408622816205025,0.9926214814186096,0.9645339846611023,0.99220871925354,0.9496440887451172,0.015833893790841103,5.0000003e-06,0.9885073900222778,0.9671053290367126,0.8379350304603577,0.007425269111990929,0.9933364391326904,0.9690817594528198,0.9929850697517395,0.953788697719574,0.9841684103012085,0.9749138951301575,0.796100378036499,0.011746332980692387,0.9878275990486145,0.9590916037559509,0.9939932227134705,0.9199850559234619,0.021932756528258324,0.9860634207725525,0.9776011109352112,0.82121342420578,0.01018641609698534,0.9896756410598755,0.9616101384162903,0.9943029284477234,0.9322389364242554
80,0.9867516160011292,0.959274411201477,0.815079927444458,0.00870149303227663,0.9924096465110779,0.9638456702232361,0.9918327927589417,0.9497948884963989,0.016421042382717133,5.0000003e-06,0.9880093336105347,0.96323162317276,0.8378447890281677,0.0077195498161017895,0.9930835962295532,0.9681163430213928,0.9925825595855713,0.9536057114601135,0.9840896129608154,0.9747954607009888,0.7936393618583679,0.011760113760828972,0.9875805377960205,0.9600887298583984,0.9941562414169312,0.9183273315429688,0.022088879719376564,0.9858827590942383,0.9773481488227844,0.819267749786377,0.010328765958547592,0.9891997575759888,0.963292121887207,0.9945805668830872,0.9290615320205688
81,0.9873687624931335,0.9626942276954651,0.8111212849617004,0.008310389705002308,0.9927949905395508,0.9649921655654907,0.9922094941139221,0.9516845941543579,0.015662584453821182,5.0000003e-06,0.9886083602905273,0.9654505848884583,0.8378461003303528,0.007352184969931841,0.9934532642364502,0.9692560434341431,0.9929499626159668,0.9554523825645447,0.9841780066490173,0.9749067425727844,0.7952262759208679,0.011634068563580513,0.9875438809394836,0.9610069394111633,0.9942977428436279,0.9180712699890137,0.021688338369131088,0.9860983490943909,0.9776236414909363,0.8190394043922424,0.010054271668195724,0.989393413066864,0.9636816382408142,0.9946328401565552,0.9303435683250427
82,0.9873079061508179,0.9618879556655884,0.8115121126174927,0.008382387459278107,0.9926667809486389,0.9655093550682068,0.992268443107605,0.950907826423645,0.015822554007172585,5.0000003e-06,0.9885297417640686,0.9648438096046448,0.833817183971405,0.007440165616571903,0.9933135509490967,0.9697412848472595,0.9930034279823303,0.9546085596084595,0.9840671420097351,0.9747045636177063,0.7940472960472107,0.01163449976593256,0.9872463345527649,0.9620943069458008,0.9944751262664795,0.9160740971565247,0.021846232935786247,0.985836923122406,0.9772340059280396,0.8200291991233826,0.01021174993366003,0.9891757369041443,0.9631001949310303,0.9945520758628845,0.928904116153717
83,0.9868859052658081,0.961359441280365,0.8112145662307739,0.00861181691288948,0.992544949054718,0.9633914232254028,0.991890549659729,0.9505518078804016,0.01624925434589386,5.0000003e-06,0.98818439245224,0.9645041227340698,0.8359558582305908,0.007637456990778446,0.993269681930542,0.9676719903945923,0.9926299452781677,0.9546959400177002,0.9836176633834839,0.9741716980934143,0.790786862373352,0.012097293511033058,0.9865305423736572,0.9633347988128662,0.9946907162666321,0.9112799167633057,0.022879179567098618,0.9853459596633911,0.9765917658805847,0.8178718686103821,0.01078187208622694,0.9884503483772278,0.9640567302703857,0.9947261810302734,0.9240706562995911
84,0.987001359462738,0.9608007669448853,0.8138841986656189,0.008535620756447315,0.99256432056427,0.9643882513046265,0.991956889629364,0.9513288736343384,0.016102559864521027,5.0000003e-06,0.9882880449295044,0.9639224410057068,0.840569019317627,0.007566950749605894,0.9932469725608826,0.968784511089325,0.9927412867546082,0.9551345705986023,0.9845557808876038,0.9753211736679077,0.797510027885437,0.011773341335356236,0.989205539226532,0.9532742500305176,0.9930279850959778,0.9292108416557312,0.02154793031513691,0.986761212348938,0.9783400893211365,0.8215388655662537,0.009774588979780674,0.9910033345222473,0.9584583044052124,0.9937563538551331,0.9410640597343445
85,0.9870761036872864,0.962730884552002,0.816632866859436,0.008508850820362568,0.9925264120101929,0.9643398523330688,0.9921677112579346,0.9493300914764404,0.016040097922086716,5.0000003e-06,0.988325834274292,0.9656296372413635,0.8418196439743042,0.007531253155320883,0.9932210445404053,0.9685375690460205,0.9928793907165527,0.953369140625,0.9843084812164307,0.9750186204910278,0.7954356074333191,0.011418512091040611,0.9880654215812683,0.9586278200149536,0.9939116835594177,0.9215734601020813,0.021362461149692535,0.9862073659896851,0.9776488542556763,0.8216102123260498,0.009943953715264797,0.9899640679359436,0.9608557224273682,0.9941744804382324,0.9341592788696289
86,0.9867193102836609,0.9609149694442749,0.8070152997970581,0.00874071754515171,0.992458164691925,0.9632241725921631,0.9917700886726379,0.9496990442276001,0.016474077478051186,5.0000003e-06,0.9880399107933044,0.964036762714386,0.8356483578681946,0.0077333590015769005,0.9931525588035583,0.9678008556365967,0.9925817847251892,0.9535927772521973,0.9845049977302551,0.975271463394165,0.7990133166313171,0.01213781163096428,0.9892842769622803,0.9524065256118774,0.9928879737854004,0.9297423958778381,0.02214072458446026,0.9867472052574158,0.9783596396446228,0.8233851790428162,0.010002910159528255,0.9910719990730286,0.957926332950592,0.9936698079109192,0.9415232539176941
87,0.9872264266014099,0.9624084830284119,0.808415412902832,0.008458594791591167,0.992676317691803,0.9649033546447754,0.992154598236084,0.9511827230453491,0.015945518389344215,5.0000003e-06,0.9884639978408813,0.9655526280403137,0.8364613056182861,0.007486909627914429,0.993354082107544,0.9690470099449158,0.9928621649742126,0.9551087021827698,0.9842255711555481,0.9749785661697388,0.796498715877533,0.01152450405061245,0.9880505800247192,0.9580929279327393,0.9938302040100098,0.9214814305305481,0.021472452208399773,0.9862635731697083,0.9777407646179199,0.821921169757843,0.009947942569851875,0.9900035858154297,0.9610311985015869,0.9941999912261963,0.9344194531440735
88,0.9866006970405579,0.9598268866539001,0.807553768157959,0.008760424330830574,0.9922511577606201,0.9629381895065308,0.9918876886367798,0.9483569264411926,0.01650713011622429,5.0000003e-06,0.9879597425460815,0.9632218480110168,0.8338896632194519,0.0077466946095228195,0.993010938167572,0.9674608111381531,0.9926641583442688,0.9527214765548706,0.9840093851089478,0.9746557474136353,0.7934521436691284,0.011650006286799908,0.9872490167617798,0.961632490158081,0.9944049119949341,0.91609787940979,0.021879445761442184,0.9858520030975342,0.9772357940673828,0.8201574087142944,0.010229424573481083,0.9893742799758911,0.9619388580322266,0.9943657517433167,0.9302348494529724
89,0.9874435067176819,0.9626786708831787,0.8098978400230408,0.008306683972477913,0.9927837252616882,0.9649906158447266,0.9923684000968933,0.9509261250495911,0.015654034912586212,5.0000003e-06,0.9886804223060608,0.9659740328788757,0.8363004326820374,0.00734734395518899,0.9934430718421936,0.9693010449409485,0.9931075572967529,0.9547421336174011,0.9844253659248352,0.9751814007759094,0.7986148595809937,0.012000080198049545,0.989008903503418,0.953529417514801,0.9930776357650757,0.9279032945632935,0.022047607228159904,0.9866337776184082,0.9781761765480042,0.8232313394546509,0.010047530755400658,0.990874707698822,0.95831298828125,0.9937392473220825,0.9402148127555847
90,0.9873180389404297,0.9620505571365356,0.8117212057113647,0.008324338123202324,0.9927493929862976,0.9650154113769531,0.9922148585319519,0.9505254030227661,0.0156580600887537,5.0000003e-06,0.9886390566825867,0.9650973081588745,0.8385666012763977,0.007333714980632067,0.9934419393539429,0.9696499705314636,0.9930101633071899,0.9545382261276245,0.9838073253631592,0.9744078516960144,0.791236937046051,0.011928183026611805,0.9868976473808289,0.9623794555664062,0.9945322275161743,0.9137440323829651,0.022466983646154404,0.9856375455856323,0.9769766330718994,0.8185946345329285,0.010538807138800621,0.988842248916626,0.9637362957000732,0.9946622848510742,0.9266807436943054
91,0.986826479434967,0.9635007381439209,0.8029993772506714,0.008624350652098656,0.9924204349517822,0.963548481464386,0.9920042157173157,0.9480765461921692,0.01626637950539589,5.0000003e-06,0.9881208539009094,0.966670572757721,0.8317131400108337,0.007642032578587532,0.99312824010849,0.967983067035675,0.9927492737770081,0.9522374272346497,0.984213650226593,0.9749361872673035,0.7957538366317749,0.011596130207180977,0.9879193902015686,0.9588456153869629,0.9939514994621277,0.9205989837646484,0.021670302376151085,0.9861136674880981,0.9776051044464111,0.8213410377502441,0.010074176825582981,0.9897597432136536,0.9614506959915161,0.994274914264679,0.9327985048294067
92,0.9872449636459351,0.9618194103240967,0.8158950209617615,0.008360905572772026,0.9926798343658447,0.9651827812194824,0.9921387434005737,0.951653778553009,0.015763934701681137,5.0000003e-06,0.9885148406028748,0.9652554392814636,0.8426767587661743,0.0074030375108122826,0.9933546781539917,0.9695106148719788,0.9929028153419495,0.955452561378479,0.9841324687004089,0.9748416543006897,0.7962218523025513,0.011791670694947243,0.987790584564209,0.9590567350387573,0.9939894676208496,0.9197390675544739,0.021916652098298073,0.9860817790031433,0.9775809049606323,0.8207365870475769,0.010124992579221725,0.9896112680435181,0.9621595740318298,0.9943903088569641,0.9318060874938965
93,0.9868851900100708,0.9623826146125793,0.8116995692253113,0.008647228591144085,0.9924575686454773,0.9632565975189209,0.9920777678489685,0.9482232928276062,0.016296496614813805,5.0000003e-06,0.9882095456123352,0.965713620185852,0.837756335735321,0.007649262901395559,0.993241012096405,0.9674755930900574,0.9927774667739868,0.9528295397758484,0.9841259717941284,0.9747931361198425,0.7945713996887207,0.011705467477440834,0.9877282977104187,0.9594108462333679,0.9940464496612549,0.9193198084831238,0.021924668923020363,0.9859409928321838,0.9773803353309631,0.8205726742744446,0.010219195857644081,0.9895321726799011,0.9615987539291382,0.9943069815635681,0.9312871098518372
94,0.9871957898139954,0.9633254408836365,0.8107721209526062,0.008450617082417011,0.9926877021789551,0.9642820358276367,0.9921372532844543,0.9504401683807373,0.015926813706755638,5.0000003e-06,0.9884490966796875,0.9660828113555908,0.8355612754821777,0.007476212456822395,0.993328332901001,0.9687674045562744,0.9929182529449463,0.9541078805923462,0.9836251735687256,0.9741681814193726,0.7922655940055847,0.012088960036635399,0.9865445494651794,0.9632997512817383,0.9946848750114441,0.9113742709159851,0.022776367142796516,0.9854681491851807,0.976720929145813,0.8194739818572998,0.010687403380870819,0.9886726140975952,0.9635452032089233,0.9946396946907043,0.9255548715591431
95,0.986793577671051,0.9625179171562195,0.8079635500907898,0.0088507616892457,0.9923582077026367,0.9632666707038879,0.9920597672462463,0.9475729465484619,0.016706854104995728,5.0000003e-06,0.9881063103675842,0.9656918048858643,0.8344212174415588,0.00785609520971775,0.9930955171585083,0.9676674604415894,0.9927940368652344,0.9519177675247192,0.9842982888221741,0.9750508069992065,0.7970173358917236,0.011997280642390251,0.9887173175811768,0.954407811164856,0.9932289719581604,0.9259573221206665,0.0220454353839159,0.9864860773086548,0.9780227541923523,0.8227156400680542,0.010048161260783672,0.9906613826751709,0.9585496187210083,0.9937856197357178,0.9388014674186707
96,0.9869672060012817,0.9610397219657898,0.8144736886024475,0.0086279958486557,0.992487370967865,0.9651709198951721,0.991961658000946,0.951072096824646,0.01624402590095997,5.0000003e-06,0.9882877469062805,0.9644342660903931,0.8391712307929993,0.00761602446436882,0.9932162761688232,0.9694761633872986,0.9927310347557068,0.9551041722297668,0.9840795397758484,0.9747554659843445,0.7943944334983826,0.011710833758115768,0.987447202205658,0.9608796238899231,0.9942823648452759,0.9174286723136902,0.021994367241859436,0.9858478903770447,0.9772720336914062,0.8207401037216187,0.010283533483743668,0.9891906380653381,0.9630889296531677,0.9945497512817383,0.9290030598640442
97,0.9871413707733154,0.9616371393203735,0.8104440569877625,0.008486773818731308,0.9925295114517212,0.9652327299118042,0.9922316670417786,0.9495755434036255,0.01597529649734497,5.0000006e-07,0.9884523153305054,0.9648459553718567,0.8366106748580933,0.007488513831049204,0.993278980255127,0.9694738984107971,0.9929516315460205,0.9539039731025696,0.9840829372406006,0.9747669100761414,0.7938528656959534,0.0117601053789258,0.9874215126037598,0.9610705971717834,0.9943125247955322,0.9172553420066833,0.02207489311695099,0.9858905673027039,0.9773256778717041,0.8210484981536865,0.01031479798257351,0.9892958402633667,0.9627343416213989,0.9944912195205688,0.9297059178352356
98,0.9871829748153687,0.9616984128952026,0.8112044334411621,0.008458373136818409,0.9927255511283875,0.9644988775253296,0.9920492768287659,0.9512503147125244,0.015923602506518364,5.0000006e-07,0.9884935617446899,0.9653065204620361,0.8408012986183167,0.007465236354619265,0.9934544563293457,0.968834400177002,0.9927954077720642,0.9554323554039001,0.9842563271522522,0.9750245213508606,0.7978764772415161,0.011694327928125858,0.9882592558860779,0.956993043422699,0.9936513304710388,0.9228827357292175,0.02176361158490181,0.9861709475517273,0.9777069091796875,0.8207677006721497,0.010069279931485653,0.9898600578308105,0.961243748664856,0.9942387342453003,0.9334657192230225
99,0.9873651266098022,0.9619723558425903,0.8091087937355042,0.008320650085806847,0.9925976991653442,0.9654229879379272,0.9924838542938232,0.949552059173584,0.015661505982279778,5.0000006e-07,0.9886476397514343,0.9649806022644043,0.8354350328445435,0.0073408461175858974,0.9933330416679382,0.9696311354637146,0.9931828379631042,0.9538875222206116,0.9840632677078247,0.9747426509857178,0.7936028242111206,0.011833683587610722,0.9875584840774536,0.9600292444229126,0.9941481351852417,0.9181807637214661,0.022310446947813034,0.9858351945877075,0.9772550463676453,0.8206666111946106,0.010476767085492611,0.9891947507858276,0.962965726852417,0.9945307374000549,0.9290317893028259
100,0.9868217706680298,0.9613125920295715,0.8098464012145996,0.00864331517368555,0.9925195574760437,0.9637216329574585,0.9918025135993958,0.950462281703949,0.01628674566745758,5.0000006e-07,0.9881536960601807,0.9645732045173645,0.8364686369895935,0.007643446326255798,0.9932154417037964,0.9683099389076233,0.9926036596298218,0.9544356465339661,0.9843549132347107,0.9751219749450684,0.7969400882720947,0.01183279324322939,0.9887124300003052,0.9548622369766235,0.9932999014854431,0.9259196519851685,0.021766740828752518,0.9865155816078186,0.9780467748641968,0.8229320645332336,0.009933942928910255,0.9905897378921509,0.959216296672821,0.993893027305603,0.9383204579353333
101,0.9875553846359253,0.962218701839447,0.8124345541000366,0.008202580735087395,0.9927861094474792,0.9670521020889282,0.9923927187919617,0.9522117972373962,0.015442658215761185,5.0000006e-07,0.988815188407898,0.9655852913856506,0.8394827246665955,0.0072400509379804134,0.993532121181488,0.9709371328353882,0.9930665493011475,0.9564105868339539,0.9840851426124573,0.9747890830039978,0.7938731908798218,0.011799081228673458,0.9875884652137756,0.9600013494491577,0.9941426515579224,0.9183813333511353,0.022109515964984894,0.9859293103218079,0.9773925542831421,0.8203184008598328,0.010310428217053413,0.9894596934318542,0.9619758129119873,0.9943680167198181,0.9308015704154968
102,0.9877660870552063,0.9636005163192749,0.8125431537628174,0.008060184307396412,0.9930317401885986,0.9652151465415955,0.9925450682640076,0.9514617323875427,0.015174629166722298,5.0000006e-07,0.9890614151954651,0.966993510723114,0.83889240026474,0.007114442531019449,0.9937596917152405,0.9695881009101868,0.9932697415351868,0.9557884335517883,0.9842656850814819,0.9750931859016418,0.7973042726516724,0.011992295272648335,0.9887905716896057,0.9537030458450317,0.9931155443191528,0.9264516234397888,0.022029900923371315,0.9864279627799988,0.9780016541481018,0.8225105404853821,0.010037624277174473,0.9905318021774292,0.9589255452156067,0.99385005235672,0.9379399418830872
103,0.9870008826255798,0.9601382613182068,0.808821439743042,0.008564792573451996,0.9924595952033997,0.9644648432731628,0.9921413064002991,0.9491526484489441,0.01612934097647667,5.0000006e-07,0.9882925152778625,0.9634665846824646,0.8347365260124207,0.007564558647572994,0.9932591915130615,0.9683475494384766,0.9927841424942017,0.9538084268569946,0.984024703502655,0.9746934771537781,0.7929443717002869,0.011825358495116234,0.9874098300933838,0.9606996178627014,0.9942565560340881,0.9171820878982544,0.022254958748817444,0.9858291149139404,0.9772481322288513,0.8206212520599365,0.010429596528410912,0.989244282245636,0.9625967741012573,0.9944721460342407,0.9293648600578308
104,0.9869089722633362,0.9618480801582336,0.8108788132667542,0.008633866906166077,0.9925370812416077,0.9642518758773804,0.9918714165687561,0.9507765769958496,0.016270529478788376,5.0000006e-07,0.9882150292396545,0.9653058052062988,0.8373954892158508,0.007636667229235172,0.9932878613471985,0.9684144854545593,0.9926024079322815,0.9549814462661743,0.9841971397399902,0.9749732613563538,0.7975068688392639,0.011772037483751774,0.9882044792175293,0.9568924307823181,0.993638277053833,0.9225196838378906,0.021854184567928314,0.9861981272697449,0.9777323603630066,0.8211414217948914,0.010082144290208817,0.9899806380271912,0.9606828689575195,0.9941469430923462,0.9342712759971619
105,0.98741215467453,0.9624888896942139,0.8110238909721375,0.008263775147497654,0.9928481578826904,0.9639469981193542,0.9923094511032104,0.9500012397766113,0.015590150840580463,5.0000006e-07,0.9886559247970581,0.9654900431632996,0.837437629699707,0.007326379418373108,0.9934999942779541,0.9684047102928162,0.9930493831634521,0.9539067149162292,0.9837409257888794,0.9743314385414124,0.7916291952133179,0.012006008066236973,0.9870096445083618,0.961134672164917,0.9943392872810364,0.9145076274871826,0.022725369781255722,0.9855095148086548,0.9767941236495972,0.8180052638053894,0.010719365440309048,0.9887953996658325,0.9630640149116516,0.9945613741874695,0.9263767600059509
106,0.987052321434021,0.9626031517982483,0.810236930847168,0.008573167026042938,0.9925277233123779,0.9641426801681519,0.992155134677887,0.9496315717697144,0.016170036047697067,5.0000006e-07,0.9883208870887756,0.9653567671775818,0.8356549143791199,0.0075968485325574875,0.9931789636611938,0.9686799645423889,0.9929439425468445,0.953362762928009,0.9841449856758118,0.9748401045799255,0.7941569685935974,0.011742454953491688,0.9876523613929749,0.9600475430488586,0.9941469430923462,0.9188063144683838,0.022079868242144585,0.9859228730201721,0.9773738384246826,0.8209553360939026,0.010337406769394875,0.9893054366111755,0.9629168510437012,0.9945188760757446,0.9297672510147095
107,0.9868342280387878,0.961552083492279,0.8089696168899536,0.008731120266020298,0.9922584891319275,0.9653588533401489,0.9921213388442993,0.9488003849983215,0.016394319012761116,5.0000004e-08,0.9882497191429138,0.9648512005805969,0.8348094820976257,0.007663197815418243,0.9930910468101501,0.9697779417037964,0.9928877949714661,0.953487753868103,0.9843155741691589,0.9750487208366394,0.7974957227706909,0.011653530411422253,0.9883250594139099,0.9570200443267822,0.9936524629592896,0.9233201146125793,0.021559368818998337,0.9864189624786377,0.9778961539268494,0.8223897814750671,0.00990582536906004,0.9904009103775024,0.9596792459487915,0.9939733147621155,0.9370660185813904
108,0.9866288900375366,0.9595758318901062,0.811133861541748,0.00883950013667345,0.9922193884849548,0.965144693851471,0.9917678833007812,0.951202392578125,0.01665574312210083,5.0000004e-08,0.9879913926124573,0.9627297520637512,0.8382622003555298,0.007816221565008163,0.9929957389831543,0.9693921208381653,0.9925456643104553,0.9553802609443665,0.983991265296936,0.9746183156967163,0.7941558957099915,0.01181537751108408,0.9872335195541382,0.9615957736968994,0.9944000244140625,0.9159947037696838,0.02213773876428604,0.9858260750770569,0.9772309064865112,0.8211085200309753,0.010322362184524536,0.9892578125,0.9624890685081482,0.9944550395011902,0.9294559359550476
109,0.9872713088989258,0.9623063206672668,0.8111957311630249,0.008509070612490177,0.9927003979682922,0.9652637243270874,0.9921947717666626,0.9512067437171936,0.016004377976059914,5.0000004e-08,0.9885684847831726,0.9655110239982605,0.8375710248947144,0.007495304569602013,0.9934537410736084,0.9693728685379028,0.9928984642028809,0.9555150270462036,0.9842132925987244,0.9749704599380493,0.797003984451294,0.011752396821975708,0.9881380200386047,0.9574416875839233,0.9937260150909424,0.9220713376998901,0.021793551743030548,0.9861882925033569,0.9777170419692993,0.8210465908050537,0.01004115492105484,0.9899576902389526,0.9607545733451843,0.9941590428352356,0.9341180324554443
110,0.9871770143508911,0.9615921974182129,0.8104265928268433,0.00848326738923788,0.9926976561546326,0.9646024107933044,0.992085337638855,0.9503560662269592,0.015972137451171875,5.0000004e-08,0.9884724617004395,0.9648820757865906,0.8361349701881409,0.007488857489079237,0.9933890700340271,0.969062089920044,0.9928604364395142,0.9543023109436035,0.9842422604560852,0.9750190377235413,0.7966328263282776,0.011838400736451149,0.9884439706802368,0.9557117819786072,0.993444561958313,0.9241262078285217,0.021876536309719086,0.986309289932251,0.9778379797935486,0.8223000168800354,0.010038137435913086,0.9902184009552002,0.9600136876106262,0.9940330982208252,0.9358534216880798
111,0.9873257875442505,0.9633079171180725,0.8114829063415527,0.008424336090683937,0.9926427602767944,0.964920699596405,0.9923654198646545,0.94975346326828,0.015859926119446754,5.0000004e-08,0.988585889339447,0.9666876196861267,0.8379274010658264,0.007435582112520933,0.9933730363845825,0.9690108299255371,0.9930486679077148,0.9540343284606934,0.9842211008071899,0.9749730229377747,0.7968770861625671,0.011747240088880062,0.9882454872131348,0.9568119049072266,0.9936239719390869,0.9227935671806335,0.02186097577214241,0.9861496686935425,0.977676272392273,0.8215611577033997,0.010113744996488094,0.9899101853370667,0.9607651233673096,0.9941625595092773,0.9338030219078064
112,0.9870828986167908,0.9611089825630188,0.8148022890090942,0.008495253510773182,0.9926072955131531,0.9643614888191223,0.9920533299446106,0.9505274295806885,0.016003360971808434,5.0000004e-08,0.9883853197097778,0.96446293592453,0.8417187929153442,0.00750809907913208,0.9933533668518066,0.9685719609260559,0.9927797913551331,0.954779326915741,0.9840506315231323,0.9747189283370972,0.7933961749076843,0.011819694191217422,0.9874140620231628,0.960873544216156,0.9942828416824341,0.9172080159187317,0.022149011492729187,0.9858776330947876,0.9773138165473938,0.8211553692817688,0.010329308919608593,0.9892272353172302,0.9630816578865051,0.9945472478866577,0.9292463660240173
113,0.9871900081634521,0.9626953601837158,0.8113803267478943,0.008450042456388474,0.9927747845649719,0.963827908039093,0.9920390844345093,0.9509613513946533,0.01589054800570011,5.0000004e-08,0.9885041117668152,0.9660949110984802,0.8371328711509705,0.007440492976456881,0.9934819340705872,0.968345046043396,0.9928225874900818,0.9550058841705322,0.9842575192451477,0.9750363826751709,0.797149121761322,0.0117764538154006,0.9884079098701477,0.9560524821281433,0.9934990406036377,0.9238823652267456,0.02176564745604992,0.9863102436065674,0.9778372049331665,0.8221708536148071,0.009989194571971893,0.9902247786521912,0.9599800705909729,0.9940275549888611,0.9358960390090942
114,0.9869300723075867,0.9611515402793884,0.8086057305335999,0.008603982627391815,0.9925733208656311,0.9639891982078552,0.9918768405914307,0.9510189294815063,0.016188113018870354,5.0000004e-08,0.988291323184967,0.9643365740776062,0.8352346420288086,0.007584109902381897,0.9933546781539917,0.96832275390625,0.9926384687423706,0.9553939700126648,0.9844533205032349,0.9752044677734375,0.7986537218093872,0.01241045631468296,0.9893794059753418,0.9514323472976685,0.9927299618721008,0.9303836822509766,0.022588476538658142,0.986678421497345,0.9782854914665222,0.824423611164093,0.010178012773394585,0.9911692142486572,0.9568151831626892,0.9934905767440796,0.9421762228012085
115,0.9867674112319946,0.9618139863014221,0.8104121685028076,0.008717527613043785,0.9924190044403076,0.9635010361671448,0.9918891787528992,0.9493530988693237,0.016420582309365273,5.0000004e-08,0.9880857467651367,0.9647888541221619,0.8349951505661011,0.007703057490289211,0.9931761622428894,0.9677334427833557,0.9926142692565918,0.9536909461021423,0.9840351939201355,0.9747106432914734,0.7942732572555542,0.01181964110583067,0.9874672889709473,0.9604079723358154,0.9942097067832947,0.9175686836242676,0.022224493324756622,0.9858278036117554,0.977260947227478,0.8203906416893005,0.010404844768345356,0.9891919493675232,0.9629242420196533,0.9945244789123535,0.9290136098861694
116,0.9868558645248413,0.9611607193946838,0.8085079193115234,0.008674649521708488,0.9923487305641174,0.964841902256012,0.9920569062232971,0.9487392902374268,0.01632825657725334,5.0000004e-08,0.9882190823554993,0.9643687605857849,0.8345076441764832,0.007653601933270693,0.9931408166885376,0.9691702127456665,0.9927927255630493,0.9532901048660278,0.9842246174812317,0.9749788641929626,0.7969938516616821,0.011777292005717754,0.9882773756980896,0.9566364288330078,0.9935954809188843,0.9230077266693115,0.02190595492720604,0.9861561059951782,0.9776838421821594,0.8216754198074341,0.010128657333552837,0.9898473024368286,0.9612144231796265,0.9942348003387451,0.9333814382553101
117,0.9874647259712219,0.9624472856521606,0.8102134466171265,0.008288036100566387,0.9926693439483643,0.9661952257156372,0.9924909472465515,0.9505032300949097,0.015609472058713436,5.0000004e-08,0.9887078404426575,0.9653329849243164,0.8370159268379211,0.007321412209421396,0.9934009313583374,0.9701341390609741,0.9931483864784241,0.9547725319862366,0.9834856390953064,0.9740250110626221,0.7908161282539368,0.012272624298930168,0.9864963889122009,0.9625345468521118,0.9945716261863708,0.9110631346702576,0.023212915286421776,0.9852562546730042,0.976449191570282,0.8193069696426392,0.010940284468233585,0.9885315895080566,0.9628398418426514,0.9945374131202698,0.9246249198913574
118,0.9873855113983154,0.9624979496002197,0.8118392825126648,0.00829298235476017,0.9927605390548706,0.9648330211639404,0.9923280477523804,0.949887216091156,0.015610221773386002,5.0000004e-08,0.9887089729309082,0.9660677909851074,0.839765191078186,0.007317228242754936,0.993507981300354,0.9692500233650208,0.9930675625801086,0.9542776346206665,0.9842485785484314,0.9750487804412842,0.7965841889381409,0.012131336145102978,0.9889161586761475,0.9527917504310608,0.992966890335083,0.9272961616516113,0.022274309769272804,0.9864330291748047,0.977994978427887,0.8226358294487,0.010142968036234379,0.9905959367752075,0.9585652947425842,0.9937909245491028,0.9383679032325745
119,0.9869974851608276,0.9617753624916077,0.8090901374816895,0.008577827364206314,0.9925265908241272,0.963804304599762,0.9921084046363831,0.9487515687942505,0.016148332506418228,5.0000004e-08,0.988289475440979,0.9649749398231506,0.8376473784446716,0.007570501882582903,0.9933015704154968,0.9678645730018616,0.992795467376709,0.9532223343849182,0.9843125343322754,0.9750659465789795,0.7973645329475403,0.011643965728580952,0.9885141849517822,0.955797016620636,0.9934545159339905,0.9245917797088623,0.021537471562623978,0.9863688349723816,0.9778730273246765,0.821978747844696,0.009893504902720451,0.990243136882782,0.960303544998169,0.9940770864486694,0.9360146522521973
120,0.9864252209663391,0.9601272344589233,0.8106110692024231,0.009004578925669193,0.9922192692756653,0.9628204107284546,0.991675078868866,0.9479321837425232,0.016951115801930428,5.0000004e-08,0.9878188371658325,0.9638441205024719,0.8373139500617981,0.00794652383774519,0.9929592609405518,0.9676105380058289,0.9925130605697632,0.9521304965019226,0.9841459393501282,0.9748464822769165,0.7950982451438904,0.011726765893399715,0.9876556992530823,0.9600322842597961,0.9941444396972656,0.9188284873962402,0.021953118965029716,0.9859862327575684,0.9774678945541382,0.8217718601226807,0.01022635493427515,0.989357590675354,0.9630593061447144,0.9945387244224548,0.9301120638847351
121,0.9871466159820557,0.9614781141281128,0.8105016946792603,0.008465426042675972,0.9926348328590393,0.9650160074234009,0.992063045501709,0.9512614011764526,0.01593363843858242,5.0000004e-08,0.9884318709373474,0.964698314666748,0.8390994668006897,0.0074682277627289295,0.9933179020881653,0.9694079160690308,0.9928428530693054,0.955082893371582,0.9842928051948547,0.97508704662323,0.7972151041030884,0.011974649503827095,0.9887823462486267,0.9539585113525391,0.9931557774543762,0.9263945817947388,0.02203218825161457,0.9864718317985535,0.9780083894729614,0.8233452439308167,0.010057542473077774,0.9906864762306213,0.9582864046096802,0.993743360042572,0.938970148563385
122,0.9873089790344238,0.962425708770752,0.8072271347045898,0.008363691158592701,0.9927107095718384,0.964515209197998,0.9923014640808105,0.9498575925827026,0.015769528225064278,5.0000004e-08,0.9885625243186951,0.9654542803764343,0.835344135761261,0.007405833341181278,0.9933992624282837,0.9687936902046204,0.9930224418640137,0.9538933038711548,0.9840703010559082,0.9747611880302429,0.7933954000473022,0.011799538508057594,0.9874797463417053,0.9605961441993713,0.9942378997802734,0.9176491498947144,0.022182565182447433,0.9858702421188354,0.9773207902908325,0.821087658405304,0.01038302667438984,0.9891960620880127,0.9632201790809631,0.994569718837738,0.9290373921394348
123,0.9869025349617004,0.9629685282707214,0.8136674165725708,0.008587493561208248,0.9925315380096436,0.963819146156311,0.9919477105140686,0.9496332406997681,0.016200417652726173,5.0000004e-08,0.9881992340087891,0.9659642577171326,0.836334764957428,0.007612915709614754,0.9932684898376465,0.9680497050285339,0.992658793926239,0.953936755657196,0.9842793345451355,0.9750407934188843,0.7977445125579834,0.011665020138025284,0.9882732629776001,0.9570786952972412,0.9936638474464417,0.9229748845100403,0.021640287712216377,0.9863157272338867,0.9778223633766174,0.8216447234153748,0.009975267574191093,0.9902329444885254,0.9599688649177551,0.994025468826294,0.9359504580497742
124,0.9874650239944458,0.962428629398346,0.8109310269355774,0.008243856020271778,0.9928730726242065,0.9642722010612488,0.9923408627510071,0.9500722289085388,0.015549477189779282,5.0000004e-08,0.988695502281189,0.9656562209129333,0.8365231156349182,0.00730562349781394,0.9935023188591003,0.9687637686729431,0.9930927753448486,0.9538194537162781,0.9840118288993835,0.974699079990387,0.7932866811752319,0.011867710389196873,0.9874593615531921,0.9602784514427185,0.9941902756690979,0.9175173044204712,0.022232258692383766,0.9858739972114563,0.9773290753364563,0.8207738995552063,0.010364552959799767,0.9892753958702087,0.9627357721328735,0.99449223279953,0.9295699596405029
125,0.9873965978622437,0.9618056416511536,0.8124862909317017,0.008316364139318466,0.9927377104759216,0.9654991030693054,0.992332398891449,0.9510281682014465,0.015652839094400406,5.0000004e-09,0.988676130771637,0.9651663303375244,0.8392928242683411,0.007336464710533619,0.9934419989585876,0.9697827100753784,0.9930577874183655,0.9551343321800232,0.9840473532676697,0.9747247099876404,0.7941132187843323,0.011821343563497066,0.9874933362007141,0.9603320360183716,0.9941970109939575,0.9177429676055908,0.022181885316967964,0.985871434211731,0.9773187041282654,0.8207452893257141,0.010360538959503174,0.989253580570221,0.9628608226776123,0.9945123195648193,0.9294236302375793
126,0.986814558506012,0.9621028900146484,0.8061673045158386,0.008678465150296688,0.9924360513687134,0.9638925790786743,0.991922914981842,0.9491497278213501,0.016385527327656746,5.0000004e-09,0.988056480884552,0.9652222990989685,0.8331474661827087,0.007707069627940655,0.9931471347808838,0.9678983688354492,0.9925945997238159,0.9533001184463501,0.9844037890434265,0.9751608371734619,0.7978489995002747,0.012083770707249641,0.9891572594642639,0.9524401426315308,0.9928995966911316,0.9288997054100037,0.022172505035996437,0.9866160154342651,0.9781612157821655,0.8230496048927307,0.010088724084198475,0.9910120368003845,0.9573285579681396,0.9935785531997681,0.9411325454711914
127,0.9873378872871399,0.9624685049057007,0.813060998916626,0.008333937264978886,0.9926777482032776,0.9648787379264832,0.992354691028595,0.9506061673164368,0.015725206583738327,5.0000004e-09,0.9885923862457275,0.965502142906189,0.838526725769043,0.007391251623630524,0.9933865070343018,0.9690338373184204,0.9930659532546997,0.9546849727630615,0.9841169714927673,0.9748096466064453,0.7942740321159363,0.01173136755824089,0.9875348806381226,0.9605957269668579,0.9942355155944824,0.9180163741111755,0.022002805024385452,0.9859333634376526,0.9773792028427124,0.8217476606369019,0.010271440260112286,0.9893840551376343,0.9624934196472168,0.9944506883621216,0.9302939176559448
128,0.987075686454773,0.9607941508293152,0.8145632147789001,0.008492782711982727,0.9925471544265747,0.9646220803260803,0.9921122789382935,0.9501234292984009,0.016022736206650734,5.0000004e-09,0.9883683919906616,0.9642713665962219,0.8400070071220398,0.007529981434345245,0.9933140873908997,0.968668520450592,0.9928054809570312,0.9544985890388489,0.9840339422225952,0.974703311920166,0.7933345437049866,0.011830885894596577,0.9873889088630676,0.960911214351654,0.9942896366119385,0.9170398712158203,0.02224445901811123,0.9858543276786804,0.977289617061615,0.8213227987289429,0.0104135787114501,0.9891707301139832,0.9632656574249268,0.9945776462554932,0.9288690090179443
129,0.9874445199966431,0.9638077616691589,0.8104404807090759,0.008265507407486439,0.9928608536720276,0.964500367641449,0.9922884702682495,0.9511893391609192,0.01558256708085537,5.0000004e-09,0.9887232780456543,0.966787576675415,0.8362480998039246,0.007317058742046356,0.9935898780822754,0.9687133431434631,0.9929949045181274,0.9554632902145386,0.9841418266296387,0.9748217463493347,0.7960954904556274,0.01173066720366478,0.9877502918243408,0.9593886733055115,0.9940420389175415,0.9194667339324951,0.021895084530115128,0.9860472679138184,0.9775394797325134,0.8220093250274658,0.010164421983063221,0.9895860552787781,0.9620605111122131,0.994376003742218,0.9316393733024597
130,0.9870060086250305,0.9637024402618408,0.8108741044998169,0.008575440384447575,0.992466390132904,0.963885486125946,0.9922080636024475,0.9477409720420837,0.016188018023967743,5.0000004e-09,0.9882451891899109,0.966795027256012,0.8357411026954651,0.007612560875713825,0.9931353330612183,0.9682077169418335,0.9929232597351074,0.9517366886138916,0.9839701056480408,0.9746283888816833,0.7930004000663757,0.011894159950315952,0.9873172640800476,0.9608854651451111,0.9942886233329773,0.9165624976158142,0.02238139882683754,0.9857695698738098,0.9771923422813416,0.8209057450294495,0.010487226769328117,0.9890514612197876,0.9633885025978088,0.9946011304855347,0.9280749559402466
131,0.9872013330459595,0.9626906514167786,0.807186484336853,0.008409349247813225,0.9927318692207336,0.9637869596481323,0.9921554923057556,0.9493247270584106,0.01581800915300846,5.0000004e-09,0.9885517358779907,0.9664623141288757,0.837040364742279,0.0074086575768888,0.9934965372085571,0.9682917594909668,0.9929128885269165,0.953799307346344,0.9841610193252563,0.9749019145965576,0.7961342930793762,0.011766387149691582,0.9879500269889832,0.9582476615905762,0.9938583970069885,0.9208104610443115,0.021963704377412796,0.9860538244247437,0.9775795340538025,0.8211662769317627,0.010197329334914684,0.989595353603363,0.9620490670204163,0.9943738579750061,0.9317014217376709
132,0.987069308757782,0.9623299837112427,0.8126026391983032,0.008507732301950455,0.9926608800888062,0.9639951586723328,0.9920077323913574,0.9505065679550171,0.016032075509428978,5.0000004e-09,0.9883569478988647,0.9654797911643982,0.8374528288841248,0.007524354383349419,0.9933659434318542,0.9683367609977722,0.9927566051483154,0.9545524716377258,0.9840574264526367,0.974722683429718,0.7939422130584717,0.011795026250183582,0.987507164478302,0.9603222012519836,0.9941949844360352,0.9178350567817688,0.02219069004058838,0.985819399356842,0.9772341251373291,0.8208721876144409,0.010395691730082035,0.9891435503959656,0.9631736874580383,0.9945645928382874,0.9286894202232361
133,0.9873495697975159,0.9649553298950195,0.8130195736885071,0.008341128006577492,0.9929218888282776,0.9642212986946106,0.9920912384986877,0.9511112570762634,0.015705985948443413,5.0000004e-09,0.9886406064033508,0.9681760668754578,0.8378084897994995,0.007364848628640175,0.9936420321464539,0.9685212969779968,0.9928224682807922,0.9552900791168213,0.984162449836731,0.9748930335044861,0.796873927116394,0.011776010505855083,0.9878624081611633,0.9588202834129333,0.9939501881599426,0.9202204346656799,0.021988241001963615,0.9860442280769348,0.9775474071502686,0.8220623135566711,0.010212243534624577,0.9896187782287598,0.9618292450904846,0.9943390488624573,0.9318590760231018
134,0.9869094491004944,0.960922360420227,0.8119848966598511,0.008606764487922192,0.9924832582473755,0.9636455178260803,0.992006778717041,0.9489652514457703,0.01621035858988762,5.0000004e-09,0.9882315993309021,0.9644115567207336,0.8387249112129211,0.007603583391755819,0.9931890368461609,0.9682258367538452,0.9927977323532104,0.9530162215232849,0.9843325614929199,0.9751271605491638,0.7978947162628174,0.011929726228117943,0.9887552261352539,0.9544243812561035,0.9932296872138977,0.926209032535553,0.02199655771255493,0.986482560634613,0.978029727935791,0.82157963514328,0.010066833347082138,0.990642249584198,0.9586419463157654,0.993800938129425,0.9386738538742065
135,0.987018346786499,0.9600051045417786,0.8077563047409058,0.00855596736073494,0.9923531413078308,0.9652577042579651,0.9922665953636169,0.9489864110946655,0.016113346442580223,5.0000004e-10,0.9883229732513428,0.963257372379303,0.8354241251945496,0.007557401899248362,0.9931026697158813,0.9694771766662598,0.9929901361465454,0.95327228307724,0.9842450022697449,0.9750418066978455,0.7974973917007446,0.011924552731215954,0.9886797666549683,0.954241156578064,0.9932048916816711,0.9257095456123352,0.02197996899485588,0.9863501191139221,0.9778953194618225,0.8222518563270569,0.010055412538349628,0.990389883518219,0.9592387080192566,0.9939050674438477,0.9369972348213196
136,0.9870653748512268,0.9628791213035583,0.8119727373123169,0.008490893989801407,0.9925705790519714,0.964658260345459,0.9920687675476074,0.9502753615379333,0.016018010675907135,5.0000004e-10,0.9883276224136353,0.9662790298461914,0.8384007811546326,0.00752711296081543,0.9933210611343384,0.96857750415802,0.9927365183830261,0.954570472240448,0.9842318892478943,0.9749954342842102,0.7969486117362976,0.011710016056895256,0.9880717396736145,0.9580071568489075,0.9938160181045532,0.9216235280036926,0.021732091903686523,0.9862201809883118,0.9777451157569885,0.821466326713562,0.010022085160017014,0.9899901747703552,0.9607862830162048,0.9941625595092773,0.934333324432373
137,0.9875286817550659,0.9641481637954712,0.809006929397583,0.008252897299826145,0.9927353858947754,0.9662069082260132,0.9925268292427063,0.9498777389526367,0.015558266080915928,5.0000004e-10,0.9887719750404358,0.9671121835708618,0.8352857232093811,0.007305358070880175,0.9934640526771545,0.9701756238937378,0.9931796193122864,0.9541890621185303,0.9840459823608398,0.9747216701507568,0.7937116026878357,0.011754970997571945,0.9875459671020508,0.9599814414978027,0.9941413402557373,0.9180980920791626,0.022101521492004395,0.9858313202857971,0.9772630333900452,0.8206286430358887,0.010346549563109875,0.9892722964286804,0.962438702583313,0.9944467544555664,0.929552435874939
138,0.9868009090423584,0.9611573815345764,0.8098111748695374,0.008637558668851852,0.9923927187919617,0.9643049240112305,0.991864025592804,0.9507160782814026,0.01630934327840805,5.0000004e-10,0.9880531430244446,0.9644457101821899,0.8361403942108154,0.007671799976378679,0.9930552840232849,0.9685425758361816,0.9926239848136902,0.9543905258178711,0.9841551780700684,0.9748502373695374,0.7949975728988647,0.011688755825161934,0.9876616597175598,0.9600621461868286,0.9941487908363342,0.9188677668571472,0.021906182169914246,0.9859910011291504,0.9774595499038696,0.8210240602493286,0.010217421688139439,0.9895261526107788,0.9620146751403809,0.9943713545799255,0.9312424063682556
139,0.9869710206985474,0.9629383087158203,0.8132572174072266,0.008545029908418655,0.9926702976226807,0.9630287885665894,0.9919235110282898,0.949241042137146,0.016104767099022865,5.0000004e-10,0.9882976412773132,0.9662958383560181,0.8395565152168274,0.0075597139075398445,0.9933863878250122,0.9676133394241333,0.9926924109458923,0.9534708857536316,0.9837297797203064,0.9743092060089111,0.7906639575958252,0.01200861670076847,0.9868649244308472,0.9619957804679871,0.9944755434989929,0.9135308861732483,0.02268512174487114,0.985508143901825,0.9767814874649048,0.8188589215278625,0.01067650131881237,0.9888127446174622,0.9629419445991516,0.9945420026779175,0.9264933466911316
140,0.987310528755188,0.9624515175819397,0.8129372596740723,0.008352691307663918,0.9926422238349915,0.9652389883995056,0.9923269748687744,0.9505259990692139,0.015703434124588966,5.0000004e-10,0.9886355400085449,0.9661368131637573,0.8377119898796082,0.007350755389779806,0.9934067130088806,0.9695268869400024,0.9930557608604431,0.9549379348754883,0.9840625524520874,0.9747360348701477,0.7932229042053223,0.011786311864852905,0.9874831438064575,0.9605135917663574,0.9942251443862915,0.9176727533340454,0.022129559889435768,0.9858726859092712,0.9773069620132446,0.8205165266990662,0.010343260131776333,0.989279568195343,0.9627004861831665,0.9944866299629211,0.9295983910560608
141,0.9870742559432983,0.9602047204971313,0.814939022064209,0.008498045615851879,0.9925938248634338,0.9647250175476074,0.992042064666748,0.950337290763855,0.01600133255124092,5.0000004e-10,0.9883779287338257,0.9640978574752808,0.8412238955497742,0.007503278087824583,0.9932900667190552,0.9691740870475769,0.9928230047225952,0.9542720317840576,0.9841322898864746,0.974815309047699,0.7943814396858215,0.011699766851961613,0.9875307083129883,0.9607395529747009,0.9942575693130493,0.9179869890213013,0.021915458142757416,0.9859471917152405,0.9774062633514404,0.8220803737640381,0.01021568663418293,0.989281177520752,0.9632570147514343,0.9945720434188843,0.9296025633811951
142,0.9874467253684998,0.9621448516845703,0.8130959868431091,0.00830113235861063,0.9928004741668701,0.9654700756072998,0.9923307299613953,0.9513086676597595,0.015589797869324684,5.0000004e-10,0.9887426495552063,0.965786874294281,0.8379963636398315,0.007288670167326927,0.9934844970703125,0.9699586033821106,0.9931064248085022,0.9552416205406189,0.9842057824134827,0.9749863743782043,0.7968656420707703,0.01190826017409563,0.988434374332428,0.9554978609085083,0.9934118986129761,0.9240647554397583,0.022062281146645546,0.9861969351768494,0.9777420163154602,0.8212565183639526,0.010154024697840214,0.9900339841842651,0.9603345394134521,0.9940906763076782,0.934628427028656
143,0.9870812892913818,0.9623112082481384,0.8123137354850769,0.008504439145326614,0.9926998615264893,0.9641231298446655,0.9919307231903076,0.9512159824371338,0.01603063941001892,5.0000004e-10,0.9883761405944824,0.9656946659088135,0.8396251201629639,0.007526196539402008,0.9933321475982666,0.9688497185707092,0.9927678108215332,0.9547988772392273,0.9841087460517883,0.9747893810272217,0.7936027646064758,0.011764363385736942,0.9876796007156372,0.9595912098884583,0.9940760731697083,0.9189932942390442,0.02208447828888893,0.9859116077423096,0.9773595333099365,0.8213638067245483,0.01032011117786169,0.9893651604652405,0.9624481201171875,0.9944444894790649,0.9301691055297852
144,0.9868559837341309,0.9592337012290955,0.8134157657623291,0.008624195121228695,0.9924696683883667,0.9640007615089417,0.9919179081916809,0.9503762125968933,0.01627182960510254,5.0000004e-10,0.988202691078186,0.9628395438194275,0.8397666811943054,0.007647632621228695,0.993204653263092,0.968506932258606,0.9927002787590027,0.954569399356842,0.9841514229774475,0.974829375743866,0.7940555810928345,0.011685567907989025,0.9876624941825867,0.9600319862365723,0.9941441416740417,0.918874204158783,0.02192179672420025,0.9859447479248047,0.9773862361907959,0.8221132755279541,0.010236239060759544,0.9894339442253113,0.9622554183006287,0.9944120645523071,0.9306278824806213
145,0.9871761798858643,0.9630934596061707,0.8084558248519897,0.008421179838478565,0.9925994277000427,0.9644505381584167,0.9922522902488708,0.9488810300827026,0.01585337705910206,5.0000004e-11,0.9885128140449524,0.9663518667221069,0.8374661803245544,0.007432202342897654,0.9933194518089294,0.9691036939620972,0.993040144443512,0.9530881643295288,0.9837358593940735,0.9743199944496155,0.791038990020752,0.01202786061912775,0.9868642091751099,0.9620484113693237,0.9944835305213928,0.9135251641273499,0.022712342441082,0.9855523109436035,0.9768345952033997,0.8202897906303406,0.01068449579179287,0.9889125823974609,0.9626335501670837,0.9944908618927002,0.9271606206893921
